,TF,Target,Label
0,14,214,1
1,14,206,1
2,14,532,1
3,14,243,1
4,14,506,1
5,14,329,1
6,14,489,1
7,14,149,1
8,14,346,1
9,14,356,1
10,14,169,1
11,14,52,1
12,14,541,1
13,14,484,1
14,14,255,1
15,14,116,1
16,14,424,1
17,14,331,1
18,14,2,1
19,14,15,1
20,14,513,1
21,14,119,1
22,14,505,1
23,14,182,1
24,14,84,1
25,14,353,1
26,14,328,1
27,14,200,1
28,14,65,1
29,14,239,1
30,14,40,1
31,14,512,1
32,14,163,1
33,14,556,1
34,14,111,1
35,14,315,1
36,14,27,1
37,14,68,1
38,14,159,1
39,14,374,1
40,14,257,1
41,14,473,1
42,14,128,1
43,14,365,1
44,14,180,1
45,14,108,1
46,14,341,1
47,14,185,1
48,14,376,1
49,14,318,1
50,14,417,1
51,14,470,1
52,14,76,1
53,14,444,1
54,14,123,1
55,14,178,1
56,14,342,1
57,14,29,1
58,14,144,1
59,14,440,1
60,14,496,1
61,14,445,1
62,14,509,1
63,14,164,1
64,14,147,1
65,14,339,1
66,14,327,1
67,14,85,1
68,14,224,1
69,14,537,1
70,14,250,1
71,14,455,1
72,14,165,1
73,14,553,1
74,14,57,1
75,14,371,1
76,14,304,1
77,14,482,1
78,14,323,1
79,14,75,1
80,14,179,1
81,14,201,1
82,14,363,1
83,14,69,1
84,14,130,1
85,14,524,1
86,14,347,1
87,14,295,1
88,14,146,1
89,14,234,1
90,14,189,1
91,14,251,1
92,14,219,1
93,14,398,1
94,14,51,1
95,14,435,1
96,14,536,1
97,14,542,1
98,14,393,1
99,14,516,1
100,14,451,1
101,14,410,1
102,14,360,1
103,14,503,1
104,14,522,1
105,14,288,1
106,14,42,1
107,14,6,1
108,14,229,1
109,14,302,1
110,14,433,1
111,14,439,1
112,14,126,1
113,14,44,1
114,14,281,1
115,14,210,1
116,14,293,1
117,14,408,1
118,14,174,1
119,14,286,1
120,14,253,1
121,14,369,1
122,14,549,1
123,14,492,1
124,14,13,1
125,14,554,1
126,14,127,1
127,14,260,1
128,14,223,1
129,14,488,1
130,14,175,1
131,14,531,1
132,14,478,1
133,14,510,1
134,14,299,1
135,14,136,1
136,14,499,1
137,14,256,1
138,14,502,1
139,14,21,1
140,14,420,1
141,14,199,1
142,14,194,1
143,14,300,1
144,14,535,1
145,14,495,1
146,14,47,1
147,14,469,1
148,14,373,1
149,14,508,1
150,14,387,1
151,14,330,1
152,14,441,1
153,14,397,1
154,14,161,1
155,14,216,1
156,14,368,1
157,14,324,1
158,14,396,1
159,14,479,1
160,14,61,1
161,14,490,1
162,14,264,1
163,14,317,1
164,14,472,1
165,14,404,1
166,14,30,1
167,14,278,1
168,14,89,1
169,14,83,1
170,14,282,1
171,14,8,1
172,14,39,1
173,14,483,1
174,14,170,1
175,14,211,1
176,14,162,1
177,14,160,1
178,14,217,1
179,14,266,1
180,14,272,1
181,14,498,1
182,14,70,1
183,14,142,1
184,14,86,1
185,14,133,1
186,14,195,1
187,14,384,1
188,14,463,1
189,14,487,1
190,14,203,1
191,14,265,1
192,14,519,1
193,14,191,1
194,14,475,1
195,14,411,1
196,14,183,1
197,14,453,1
198,14,246,1
199,14,154,1
200,14,372,1
201,14,34,1
202,14,114,1
203,14,167,1
204,14,395,1
205,14,415,1
206,14,526,1
207,14,345,1
208,14,432,1
209,14,102,1
210,14,344,1
211,14,462,1
212,14,412,1
213,14,3,1
214,14,409,1
215,14,523,1
216,14,468,1
217,14,511,1
218,14,388,1
219,14,0,1
220,14,443,1
221,14,538,1
222,14,26,1
223,14,525,1
224,14,389,1
225,14,227,1
226,14,457,1
227,71,300,1
228,71,79,1
229,71,360,1
230,71,66,1
231,71,93,1
232,71,441,1
233,71,261,1
234,71,408,1
235,71,524,1
236,71,307,1
237,71,84,1
238,71,256,1
239,71,250,1
240,71,195,1
241,71,291,1
242,71,478,1
243,71,259,1
244,71,525,1
245,71,450,1
246,71,83,1
247,71,376,1
248,71,19,1
249,71,278,1
250,71,63,1
251,71,140,1
252,71,558,1
253,71,133,1
254,71,495,1
255,71,123,1
256,71,87,1
257,71,30,1
258,71,77,1
259,71,255,1
260,71,510,1
261,71,528,1
262,71,532,1
263,71,8,1
264,71,196,1
265,71,531,1
266,71,27,1
267,71,486,1
268,71,81,1
269,71,218,1
270,71,280,1
271,71,512,1
272,71,122,1
273,71,440,1
274,71,397,1
275,71,230,1
276,71,399,1
277,71,274,1
278,71,238,1
279,71,533,1
280,71,65,1
281,71,154,1
282,71,94,1
283,71,362,1
284,71,549,1
285,71,311,1
286,71,535,1
287,71,466,1
288,71,262,1
289,71,198,1
290,71,229,1
291,71,186,1
292,71,55,1
293,71,173,1
294,71,500,1
295,71,221,1
296,71,391,1
297,71,401,1
298,71,215,1
299,71,554,1
300,71,523,1
301,71,521,1
302,71,299,1
303,71,485,1
304,71,106,1
305,71,225,1
306,71,424,1
307,71,145,1
308,71,543,1
309,71,226,1
310,71,174,1
311,71,494,1
312,71,39,1
313,71,465,1
314,71,236,1
315,71,492,1
316,71,74,1
317,71,191,1
318,71,130,1
319,71,414,1
320,71,404,1
321,71,102,1
322,71,279,1
323,71,163,1
324,71,169,1
325,71,284,1
326,71,201,1
327,71,281,1
328,71,325,1
329,71,462,1
330,71,228,1
331,71,29,1
332,71,184,1
333,71,295,1
334,71,365,1
335,71,392,1
336,71,202,1
337,71,354,1
338,71,241,1
339,71,456,1
340,71,138,1
341,71,339,1
342,71,363,1
343,71,332,1
344,71,477,1
345,71,161,1
346,71,203,1
347,71,13,1
348,71,347,1
349,71,298,1
350,71,302,1
351,71,330,1
352,71,243,1
353,71,526,1
354,71,505,1
355,71,91,1
356,71,216,1
357,71,20,1
358,71,117,1
359,71,396,1
360,71,331,1
361,71,253,1
362,71,520,1
363,71,275,1
364,71,187,1
365,74,518,1
366,74,96,1
367,74,335,1
368,74,465,1
369,74,322,1
370,74,473,1
371,74,542,1
372,74,360,1
373,74,54,1
374,74,554,1
375,74,448,1
376,74,410,1
377,74,178,1
378,74,333,1
379,74,65,1
380,74,328,1
381,74,60,1
382,74,231,1
383,74,302,1
384,74,539,1
385,74,430,1
386,74,526,1
387,74,154,1
388,74,101,1
389,74,210,1
390,74,264,1
391,74,439,1
392,74,477,1
393,74,114,1
394,74,265,1
395,74,288,1
396,74,445,1
397,74,277,1
398,74,326,1
399,74,192,1
400,74,2,1
401,74,270,1
402,74,398,1
403,74,339,1
404,74,329,1
405,74,148,1
406,74,338,1
407,74,143,1
408,74,454,1
409,74,293,1
410,74,15,1
411,74,494,1
412,74,276,1
413,74,525,1
414,74,108,1
415,74,431,1
416,74,367,1
417,74,400,1
418,74,208,1
419,74,457,1
420,74,190,1
421,74,262,1
422,74,223,1
423,74,437,1
424,74,393,1
425,74,512,1
426,74,455,1
427,74,55,1
428,74,146,1
429,74,26,1
430,74,309,1
431,74,415,1
432,74,484,1
433,74,377,1
434,74,474,1
435,74,32,1
436,74,298,1
437,74,513,1
438,74,119,1
439,74,247,1
440,74,117,1
441,74,250,1
442,74,291,1
443,74,489,1
444,74,256,1
445,74,116,1
446,74,436,1
447,74,308,1
448,74,545,1
449,74,383,1
450,74,352,1
451,74,412,1
452,74,14,1
453,74,361,1
454,74,549,1
455,74,70,1
456,74,397,1
457,74,214,1
458,74,227,1
459,74,286,1
460,74,249,1
461,74,121,1
462,74,490,1
463,74,392,1
464,74,222,1
465,74,373,1
466,74,224,1
467,74,128,1
468,74,85,1
469,74,493,1
470,74,252,1
471,74,94,1
472,74,471,1
473,74,221,1
474,74,452,1
475,74,193,1
476,74,371,1
477,74,10,1
478,74,364,1
479,74,76,1
480,74,166,1
481,74,421,1
482,74,451,1
483,74,11,1
484,74,504,1
485,74,531,1
486,74,0,1
487,74,179,1
488,74,269,1
489,74,349,1
490,74,456,1
491,74,49,1
492,74,502,1
493,74,189,1
494,74,296,1
495,74,34,1
496,74,180,1
497,97,504,1
498,97,75,1
499,97,211,1
500,97,246,1
501,97,184,1
502,97,456,1
503,97,553,1
504,97,380,1
505,97,540,1
506,97,120,1
507,97,89,1
508,97,430,1
509,97,379,1
510,97,526,1
511,97,268,1
512,97,186,1
513,97,77,1
514,97,8,1
515,97,410,1
516,97,41,1
517,97,507,1
518,97,416,1
519,97,531,1
520,97,529,1
521,97,476,1
522,97,142,1
523,97,558,1
524,97,150,1
525,97,385,1
526,97,243,1
527,97,190,1
528,97,528,1
529,97,154,1
530,97,133,1
531,97,493,1
532,97,339,1
533,97,269,1
534,97,353,1
535,97,122,1
536,97,336,1
537,97,408,1
538,97,234,1
539,97,172,1
540,97,50,1
541,97,304,1
542,97,200,1
543,97,281,1
544,97,61,1
545,97,317,1
546,97,201,1
547,97,157,1
548,97,391,1
549,97,467,1
550,97,329,1
551,97,178,1
552,97,556,1
553,97,431,1
554,97,284,1
555,97,195,1
556,97,86,1
557,97,520,1
558,97,117,1
559,97,343,1
560,97,489,1
561,97,26,1
562,97,176,1
563,97,81,1
564,97,390,1
565,97,468,1
566,97,480,1
567,97,33,1
568,97,248,1
569,97,218,1
570,97,364,1
571,97,78,1
572,97,302,1
573,97,440,1
574,97,174,1
575,97,401,1
576,97,435,1
577,97,488,1
578,97,370,1
579,97,345,1
580,97,422,1
581,97,10,1
582,97,392,1
583,97,249,1
584,97,247,1
585,97,250,1
586,97,351,1
587,97,145,1
588,97,147,1
589,97,227,1
590,97,38,1
591,97,521,1
592,97,428,1
593,97,1,1
594,97,432,1
595,97,52,1
596,97,149,1
597,97,312,1
598,97,277,1
599,97,216,1
600,97,398,1
601,97,366,1
602,97,57,1
603,97,361,1
604,97,84,1
605,97,419,1
606,97,546,1
607,97,486,1
608,97,79,1
609,97,322,1
610,97,315,1
611,97,305,1
612,97,455,1
613,97,286,1
614,97,393,1
615,97,459,1
616,97,111,1
617,97,433,1
618,97,31,1
619,97,210,1
620,97,215,1
621,97,451,1
622,97,414,1
623,97,407,1
624,97,15,1
625,97,159,1
626,97,466,1
627,97,233,1
628,97,93,1
629,97,344,1
630,97,444,1
631,97,95,1
632,97,129,1
633,97,267,1
634,97,135,1
635,97,477,1
636,97,368,1
637,97,228,1
638,97,46,1
639,97,179,1
640,97,238,1
641,97,511,1
642,97,241,1
643,97,209,1
644,97,307,1
645,97,516,1
646,97,140,1
647,97,525,1
648,97,395,1
649,97,87,1
650,97,405,1
651,97,240,1
652,97,163,1
653,97,494,1
654,97,318,1
655,97,69,1
656,97,409,1
657,97,36,1
658,97,438,1
659,97,279,1
660,97,217,1
661,97,114,1
662,97,463,1
663,97,323,1
664,97,308,1
665,97,454,1
666,97,143,1
667,97,105,1
668,97,510,1
669,97,436,1
670,97,497,1
671,97,47,1
672,97,453,1
673,97,42,1
674,97,482,1
675,97,221,1
676,97,167,1
677,97,340,1
678,97,74,1
679,97,333,1
680,97,9,1
681,97,160,1
682,97,253,1
683,97,65,1
684,97,19,1
685,97,219,1
686,97,189,1
687,97,198,1
688,97,487,1
689,97,415,1
690,97,229,1
691,97,441,1
692,97,483,1
693,97,226,1
694,97,328,1
695,97,330,1
696,97,536,1
697,97,296,1
698,97,82,1
699,97,400,1
700,97,311,1
701,97,443,1
702,97,256,1
703,97,242,1
704,97,59,1
705,97,40,1
706,97,127,1
707,97,427,1
708,97,397,1
709,97,439,1
710,97,121,1
711,97,102,1
712,97,514,1
713,97,207,1
714,97,347,1
715,97,13,1
716,97,278,1
717,97,126,1
718,97,426,1
719,97,377,1
720,97,51,1
721,97,68,1
722,97,534,1
723,97,542,1
724,97,260,1
725,97,533,1
726,97,369,1
727,97,214,1
728,97,257,1
729,97,420,1
730,97,14,1
731,97,88,1
732,97,500,1
733,97,537,1
734,97,499,1
735,97,376,1
736,97,346,1
737,97,517,1
738,97,96,1
739,97,509,1
740,97,231,1
741,97,148,1
742,97,0,1
743,97,251,1
744,97,123,1
745,97,271,1
746,97,354,1
747,97,298,1
748,97,92,1
749,97,131,1
750,97,2,1
751,97,365,1
752,97,272,1
753,97,290,1
754,97,128,1
755,97,490,1
756,97,29,1
757,97,309,1
758,97,183,1
759,97,335,1
760,97,193,1
761,97,498,1
762,97,130,1
763,97,55,1
764,97,502,1
765,97,34,1
766,97,326,1
767,97,192,1
768,97,348,1
769,97,300,1
770,97,301,1
771,97,519,1
772,97,524,1
773,97,113,1
774,97,496,1
775,97,515,1
776,97,109,1
777,97,396,1
778,97,39,1
779,97,495,1
780,97,541,1
781,97,7,1
782,97,153,1
783,97,424,1
784,97,230,1
785,97,11,1
786,97,372,1
787,97,465,1
788,97,23,1
789,97,235,1
790,97,191,1
791,97,237,1
792,97,165,1
793,97,144,1
794,97,197,1
795,97,331,1
796,97,16,1
797,97,505,1
798,97,501,1
799,97,203,1
800,97,434,1
801,97,457,1
802,97,384,1
803,97,513,1
804,145,184,1
805,145,51,1
806,145,170,1
807,145,119,1
808,145,90,1
809,145,26,1
810,145,173,1
811,145,496,1
812,145,225,1
813,145,369,1
814,145,212,1
815,145,44,1
816,145,520,1
817,145,147,1
818,145,523,1
819,145,374,1
820,145,448,1
821,145,548,1
822,145,334,1
823,145,516,1
824,145,395,1
825,145,191,1
826,145,285,1
827,145,471,1
828,145,507,1
829,145,541,1
830,145,9,1
831,145,488,1
832,145,376,1
833,145,412,1
834,145,106,1
835,145,312,1
836,145,466,1
837,145,247,1
838,145,423,1
839,145,371,1
840,145,491,1
841,145,349,1
842,145,333,1
843,145,299,1
844,145,398,1
845,145,408,1
846,145,555,1
847,145,8,1
848,145,302,1
849,145,265,1
850,145,219,1
851,145,476,1
852,145,229,1
853,145,206,1
854,145,148,1
855,145,27,1
856,145,475,1
857,145,239,1
858,145,109,1
859,145,163,1
860,145,274,1
861,145,320,1
862,145,297,1
863,145,459,1
864,145,65,1
865,145,235,1
866,145,49,1
867,145,133,1
868,145,342,1
869,145,260,1
870,145,344,1
871,145,329,1
872,145,319,1
873,145,29,1
874,145,53,1
875,145,67,1
876,145,248,1
877,145,158,1
878,145,409,1
879,145,196,1
880,145,205,1
881,145,321,1
882,145,383,1
883,145,50,1
884,145,534,1
885,145,277,1
886,145,230,1
887,145,497,1
888,145,32,1
889,145,171,1
890,145,356,1
891,145,165,1
892,145,144,1
893,145,100,1
894,145,194,1
895,145,251,1
896,145,1,1
897,145,444,1
898,145,286,1
899,145,558,1
900,145,375,1
901,145,271,1
902,145,420,1
903,145,105,1
904,145,140,1
905,145,543,1
906,145,69,1
907,145,499,1
908,145,102,1
909,145,472,1
910,145,337,1
911,145,220,1
912,145,77,1
913,145,432,1
914,145,202,1
915,145,533,1
916,145,233,1
917,145,132,1
918,145,406,1
919,145,365,1
920,145,473,1
921,145,326,1
922,145,75,1
923,145,12,1
924,145,387,1
925,145,542,1
926,145,525,1
927,145,91,1
928,145,33,1
929,145,227,1
930,145,346,1
931,145,267,1
932,145,539,1
933,145,208,1
934,145,42,1
935,145,550,1
936,145,522,1
937,145,138,1
938,145,161,1
939,145,13,1
940,145,135,1
941,145,43,1
942,145,392,1
943,145,524,1
944,145,151,1
945,145,492,1
946,145,278,1
947,145,84,1
948,145,183,1
949,145,538,1
950,145,237,1
951,145,506,1
952,145,439,1
953,145,257,1
954,145,66,1
955,145,515,1
956,145,172,1
957,145,308,1
958,145,61,1
959,145,368,1
960,145,390,1
961,145,137,1
962,145,303,1
963,145,400,1
964,145,317,1
965,145,397,1
966,145,218,1
967,145,22,1
968,145,6,1
969,145,343,1
970,145,185,1
971,145,250,1
972,145,195,1
973,145,528,1
974,145,510,1
975,145,450,1
976,145,384,1
977,145,281,1
978,145,433,1
979,145,393,1
980,145,264,1
981,145,254,1
982,145,340,1
983,145,300,1
984,145,501,1
985,145,200,1
986,145,216,1
987,145,380,1
988,145,222,1
989,145,414,1
990,145,34,1
991,145,373,1
992,145,425,1
993,145,14,1
994,145,402,1
995,145,553,1
996,145,266,1
997,145,39,1
998,145,224,1
999,145,451,1
1000,145,457,1
1001,145,283,1
1002,145,192,1
1003,145,301,1
1004,145,127,1
1005,145,131,1
1006,145,74,1
1007,145,331,1
1008,145,187,1
1009,145,517,1
1010,145,252,1
1011,145,487,1
1012,145,92,1
1013,145,272,1
1014,145,535,1
1015,145,556,1
1016,145,441,1
1017,145,174,1
1018,145,399,1
1019,145,20,1
1020,145,115,1
1021,145,126,1
1022,145,175,1
1023,145,463,1
1024,145,81,1
1025,145,405,1
1026,145,378,1
1027,145,139,1
1028,145,130,1
1029,145,498,1
1030,145,494,1
1031,145,361,1
1032,145,178,1
1033,145,17,1
1034,145,159,1
1035,145,477,1
1036,145,83,1
1037,145,429,1
1038,145,93,1
1039,145,363,1
1040,145,259,1
1041,145,416,1
1042,145,305,1
1043,145,415,1
1044,145,537,1
1045,145,193,1
1046,145,123,1
1047,145,85,1
1048,145,89,1
1049,145,323,1
1050,145,169,1
1051,145,111,1
1052,145,88,1
1053,145,456,1
1054,145,157,1
1055,145,189,1
1056,145,518,1
1057,145,38,1
1058,145,532,1
1059,145,243,1
1060,145,268,1
1061,145,418,1
1062,145,215,1
1063,145,485,1
1064,145,339,1
1065,145,86,1
1066,145,280,1
1067,145,199,1
1068,145,213,1
1069,145,221,1
1070,145,438,1
1071,145,3,1
1072,145,549,1
1073,145,241,1
1074,145,262,1
1075,145,315,1
1076,145,372,1
1077,145,370,1
1078,145,503,1
1079,145,177,1
1080,145,121,1
1081,145,504,1
1082,145,377,1
1083,145,351,1
1084,145,324,1
1085,145,358,1
1086,145,182,1
1087,145,7,1
1088,145,396,1
1089,145,19,1
1090,145,11,1
1091,145,335,1
1092,145,385,1
1093,145,94,1
1094,145,253,1
1095,145,99,1
1096,145,276,1
1097,145,509,1
1098,145,557,1
1099,145,35,1
1100,145,76,1
1101,145,152,1
1102,145,203,1
1103,145,291,1
1104,145,362,1
1105,145,298,1
1106,145,101,1
1107,145,386,1
1108,145,146,1
1109,145,231,1
1110,145,468,1
1111,145,290,1
1112,145,407,1
1113,145,52,1
1114,145,526,1
1115,145,41,1
1116,145,153,1
1117,145,295,1
1118,145,347,1
1119,145,443,1
1120,145,388,1
1121,145,401,1
1122,145,511,1
1123,145,500,1
1124,145,357,1
1125,145,279,1
1126,145,190,1
1127,145,391,1
1128,145,214,1
1129,145,112,1
1130,145,404,1
1131,145,389,1
1132,145,447,1
1133,145,483,1
1134,145,128,1
1135,145,521,1
1136,145,97,1
1137,160,13,1
1138,160,42,1
1139,160,347,1
1140,160,511,1
1141,160,133,1
1142,160,216,1
1143,160,507,1
1144,160,32,1
1145,160,199,1
1146,160,354,1
1147,160,122,1
1148,160,346,1
1149,160,151,1
1150,160,163,1
1151,160,75,1
1152,160,191,1
1153,160,257,1
1154,160,363,1
1155,160,106,1
1156,160,140,1
1157,160,147,1
1158,160,367,1
1159,160,293,1
1160,160,360,1
1161,160,434,1
1162,160,516,1
1163,160,385,1
1164,160,136,1
1165,160,149,1
1166,160,549,1
1167,160,450,1
1168,160,451,1
1169,160,228,1
1170,160,278,1
1171,160,234,1
1172,160,537,1
1173,160,262,1
1174,160,203,1
1175,160,156,1
1176,160,299,1
1177,160,439,1
1178,160,51,1
1179,160,154,1
1180,160,353,1
1181,160,91,1
1182,160,107,1
1183,160,495,1
1184,160,135,1
1185,160,318,1
1186,160,444,1
1187,160,488,1
1188,160,429,1
1189,160,387,1
1190,160,195,1
1191,160,427,1
1192,160,261,1
1193,160,231,1
1194,160,509,1
1195,160,65,1
1196,160,288,1
1197,160,123,1
1198,160,243,1
1199,160,274,1
1200,160,235,1
1201,160,81,1
1202,160,130,1
1203,160,252,1
1204,160,408,1
1205,160,336,1
1206,160,166,1
1207,160,192,1
1208,160,190,1
1209,160,441,1
1210,160,79,1
1211,160,15,1
1212,160,528,1
1213,160,525,1
1214,160,351,1
1215,160,529,1
1216,160,304,1
1217,160,49,1
1218,160,255,1
1219,160,47,1
1220,160,510,1
1221,160,50,1
1222,160,182,1
1223,160,20,1
1224,160,555,1
1225,160,469,1
1226,160,146,1
1227,160,526,1
1228,160,395,1
1229,160,217,1
1230,160,180,1
1231,252,376,1
1232,252,154,1
1233,252,122,1
1234,252,447,1
1235,252,360,1
1236,252,159,1
1237,252,38,1
1238,252,546,1
1239,252,201,1
1240,252,79,1
1241,252,183,1
1242,252,20,1
1243,252,189,1
1244,252,106,1
1245,252,416,1
1246,252,206,1
1247,252,236,1
1248,252,299,1
1249,252,243,1
1250,252,548,1
1251,252,483,1
1252,252,216,1
1253,252,298,1
1254,252,267,1
1255,252,152,1
1256,252,63,1
1257,252,494,1
1258,252,46,1
1259,252,362,1
1260,252,450,1
1261,252,398,1
1262,252,515,1
1263,252,466,1
1264,252,526,1
1265,252,429,1
1266,252,434,1
1267,252,17,1
1268,252,351,1
1269,252,525,1
1270,252,121,1
1271,252,160,1
1272,252,203,1
1273,252,240,1
1274,252,241,1
1275,252,288,1
1276,252,133,1
1277,252,401,1
1278,252,137,1
1279,252,286,1
1280,252,202,1
1281,252,290,1
1282,252,323,1
1283,252,71,1
1284,252,281,1
1285,252,191,1
1286,252,348,1
1287,252,134,1
1288,252,332,1
1289,252,215,1
1290,252,61,1
1291,252,256,1
1292,252,422,1
1293,252,319,1
1294,252,128,1
1295,252,539,1
1296,252,176,1
1297,252,462,1
1298,252,417,1
1299,252,276,1
1300,252,451,1
1301,252,523,1
1302,252,446,1
1303,252,259,1
1304,252,318,1
1305,252,345,1
1306,252,391,1
1307,252,101,1
1308,252,255,1
1309,252,253,1
1310,252,379,1
1311,252,528,1
1312,252,242,1
1313,252,47,1
1314,252,138,1
1315,252,248,1
1316,252,184,1
1317,252,521,1
1318,252,295,1
1319,252,538,1
1320,252,549,1
1321,252,117,1
1322,252,163,1
1323,252,130,1
1324,252,178,1
1325,252,325,1
1326,252,425,1
1327,252,470,1
1328,252,484,1
1329,252,468,1
1330,252,196,1
1331,252,513,1
1332,252,270,1
1333,252,497,1
1334,253,222,1
1335,253,444,1
1336,253,339,1
1337,253,105,1
1338,253,491,1
1339,253,361,1
1340,253,175,1
1341,253,201,1
1342,253,327,1
1343,253,334,1
1344,253,77,1
1345,253,260,1
1346,253,123,1
1347,253,92,1
1348,253,387,1
1349,253,82,1
1350,253,74,1
1351,253,85,1
1352,253,370,1
1353,253,408,1
1354,253,143,1
1355,253,133,1
1356,253,524,1
1357,253,128,1
1358,253,84,1
1359,253,50,1
1360,253,234,1
1361,253,531,1
1362,253,248,1
1363,253,137,1
1364,253,237,1
1365,253,476,1
1366,253,405,1
1367,253,75,1
1368,253,91,1
1369,253,362,1
1370,253,485,1
1371,253,182,1
1372,253,395,1
1373,253,278,1
1374,253,27,1
1375,253,424,1
1376,253,42,1
1377,253,482,1
1378,253,120,1
1379,253,389,1
1380,253,119,1
1381,253,8,1
1382,253,76,1
1383,253,512,1
1384,253,297,1
1385,253,279,1
1386,253,54,1
1387,253,240,1
1388,253,469,1
1389,253,256,1
1390,253,190,1
1391,253,81,1
1392,253,427,1
1393,253,29,1
1394,253,140,1
1395,253,176,1
1396,253,67,1
1397,253,493,1
1398,253,203,1
1399,253,514,1
1400,253,541,1
1401,253,453,1
1402,253,202,1
1403,253,191,1
1404,253,500,1
1405,253,508,1
1406,253,343,1
1407,253,484,1
1408,253,497,1
1409,253,49,1
1410,253,12,1
1411,253,549,1
1412,253,59,1
1413,253,516,1
1414,253,195,1
1415,253,233,1
1416,253,214,1
1417,253,522,1
1418,253,341,1
1419,253,162,1
1420,253,7,1
1421,253,147,1
1422,253,420,1
1423,253,384,1
1424,253,107,1
1425,253,238,1
1426,253,442,1
1427,253,475,1
1428,253,369,1
1429,253,353,1
1430,253,41,1
1431,253,197,1
1432,253,393,1
1433,253,239,1
1434,253,454,1
1435,253,295,1
1436,253,189,1
1437,253,102,1
1438,253,509,1
1439,253,365,1
1440,253,523,1
1441,253,271,1
1442,253,93,1
1443,253,139,1
1444,253,489,1
1445,253,477,1
1446,253,223,1
1447,253,83,1
1448,253,521,1
1449,253,301,1
1450,253,457,1
1451,253,449,1
1452,253,166,1
1453,253,71,1
1454,253,44,1
1455,253,528,1
1456,253,443,1
1457,253,542,1
1458,253,367,1
1459,253,428,1
1460,253,412,1
1461,253,288,1
1462,253,401,1
1463,253,16,1
1464,253,340,1
1465,253,174,1
1466,253,309,1
1467,253,379,1
1468,253,322,1
1469,253,299,1
1470,253,79,1
1471,253,124,1
1472,253,172,1
1473,253,236,1
1474,253,390,1
1475,253,127,1
1476,253,326,1
1477,253,337,1
1478,253,388,1
1479,253,300,1
1480,253,323,1
1481,253,330,1
1482,253,385,1
1483,253,470,1
1484,253,532,1
1485,253,235,1
1486,253,409,1
1487,253,136,1
1488,253,178,1
1489,253,502,1
1490,253,506,1
1491,253,181,1
1492,253,66,1
1493,253,417,1
1494,253,171,1
1495,253,200,1
1496,253,332,1
1497,253,65,1
1498,253,472,1
1499,253,383,1
1500,253,122,1
1501,253,150,1
1502,253,221,1
1503,253,24,1
1504,253,13,1
1505,253,138,1
1506,253,225,1
1507,253,474,1
1508,253,423,1
1509,253,33,1
1510,253,135,1
1511,253,47,1
1512,253,304,1
1513,253,126,1
1514,253,392,1
1515,253,184,1
1516,253,342,1
1517,253,434,1
1518,253,357,1
1519,253,375,1
1520,253,441,1
1521,253,173,1
1522,253,486,1
1523,253,504,1
1524,253,19,1
1525,253,242,1
1526,253,100,1
1527,253,525,1
1528,253,363,1
1529,253,348,1
1530,253,217,1
1531,253,131,1
1532,253,397,1
1533,253,400,1
1534,253,204,1
1535,253,479,1
1536,253,452,1
1537,253,199,1
1538,253,534,1
1539,253,468,1
1540,253,158,1
1541,253,53,1
1542,253,206,1
1543,253,101,1
1544,253,344,1
1545,253,515,1
1546,253,382,1
1547,253,291,1
1548,253,381,1
1549,253,505,1
1550,253,15,1
1551,253,487,1
1552,253,73,1
1553,253,224,1
1554,253,396,1
1555,253,333,1
1556,253,438,1
1557,253,194,1
1558,253,108,1
1559,253,507,1
1560,253,261,1
1561,253,520,1
1562,253,35,1
1563,253,372,1
1564,253,535,1
1565,253,399,1
1566,253,490,1
1567,253,208,1
1568,253,281,1
1569,253,432,1
1570,253,266,1
1571,253,555,1
1572,253,257,1
1573,253,356,1
1574,253,78,1
1575,253,483,1
1576,253,413,1
1577,253,187,1
1578,253,97,1
1579,253,198,1
1580,253,280,1
1581,253,302,1
1582,253,95,1
1583,253,492,1
1584,253,10,1
1585,253,267,1
1586,253,305,1
1587,253,463,1
1588,253,213,1
1589,253,364,1
1590,253,373,1
1591,253,268,1
1592,253,429,1
1593,253,251,1
1594,253,241,1
1595,253,167,1
1596,253,9,1
1597,253,456,1
1598,253,293,1
1599,253,511,1
1600,256,23,1
1601,256,375,1
1602,256,22,1
1603,256,183,1
1604,256,105,1
1605,256,200,1
1606,256,278,1
1607,256,53,1
1608,256,322,1
1609,256,537,1
1610,256,121,1
1611,256,320,1
1612,256,212,1
1613,256,318,1
1614,256,9,1
1615,256,512,1
1616,256,342,1
1617,256,151,1
1618,256,51,1
1619,256,210,1
1620,256,493,1
1621,256,514,1
1622,256,211,1
1623,256,341,1
1624,256,505,1
1625,256,330,1
1626,256,416,1
1627,256,176,1
1628,256,369,1
1629,256,79,1
1630,256,528,1
1631,256,20,1
1632,256,248,1
1633,256,385,1
1634,256,407,1
1635,256,414,1
1636,256,254,1
1637,256,511,1
1638,256,223,1
1639,256,334,1
1640,256,517,1
1641,256,479,1
1642,256,73,1
1643,256,225,1
1644,256,446,1
1645,256,219,1
1646,256,531,1
1647,256,325,1
1648,256,534,1
1649,256,367,1
1650,256,509,1
1651,256,75,1
1652,256,558,1
1653,256,189,1
1654,256,153,1
1655,256,201,1
1656,256,152,1
1657,256,421,1
1658,256,203,1
1659,256,59,1
1660,256,147,1
1661,256,305,1
1662,256,469,1
1663,256,411,1
1664,256,237,1
1665,256,143,1
1666,256,462,1
1667,256,30,1
1668,256,455,1
1669,256,533,1
1670,256,78,1
1671,256,380,1
1672,256,309,1
1673,256,415,1
1674,256,470,1
1675,256,267,1
1676,256,281,1
1677,256,88,1
1678,256,456,1
1679,256,39,1
1680,256,2,1
1681,256,424,1
1682,256,363,1
1683,256,550,1
1684,256,364,1
1685,256,238,1
1686,256,525,1
1687,256,85,1
1688,256,539,1
1689,256,261,1
1690,256,502,1
1691,256,457,1
1692,256,438,1
1693,256,451,1
1694,256,94,1
1695,256,486,1
1696,256,235,1
1697,256,122,1
1698,256,519,1
1699,256,119,1
1700,256,521,1
1701,256,510,1
1702,256,99,1
1703,256,71,1
1704,256,441,1
1705,256,26,1
1706,256,327,1
1707,256,340,1
1708,256,198,1
1709,256,373,1
1710,256,475,1
1711,256,218,1
1712,256,259,1
1713,256,241,1
1714,256,541,1
1715,256,435,1
1716,256,444,1
1717,256,65,1
1718,256,133,1
1719,256,497,1
1720,256,523,1
1721,256,393,1
1722,256,554,1
1723,256,535,1
1724,256,398,1
1725,256,194,1
1726,256,19,1
1727,256,288,1
1728,256,494,1
1729,256,74,1
1730,256,214,1
1731,256,291,1
1732,256,15,1
1733,256,163,1
1734,256,508,1
1735,256,301,1
1736,256,488,1
1737,256,101,1
1738,256,360,1
1739,256,145,1
1740,256,253,1
1741,256,449,1
1742,256,336,1
1743,256,319,1
1744,256,227,1
1745,256,520,1
1746,256,102,1
1747,256,382,1
1748,256,61,1
1749,256,304,1
1750,256,239,1
1751,256,47,1
1752,256,440,1
1753,256,526,1
1754,256,179,1
1755,256,165,1
1756,256,242,1
1757,256,38,1
1758,256,362,1
1759,256,277,1
1760,256,346,1
1761,256,95,1
1762,256,347,1
1763,256,473,1
1764,256,492,1
1765,256,463,1
1766,256,108,1
1767,256,461,1
1768,256,549,1
1769,256,448,1
1770,256,140,1
1771,256,24,1
1772,256,466,1
1773,256,230,1
1774,256,81,1
1775,256,234,1
1776,256,351,1
1777,256,169,1
1778,256,100,1
1779,256,149,1
1780,256,328,1
1781,256,529,1
1782,256,450,1
1783,256,131,1
1784,256,6,1
1785,256,226,1
1786,256,146,1
1787,256,401,1
1788,256,408,1
1789,256,372,1
1790,256,280,1
1791,256,45,1
1792,256,437,1
1793,256,191,1
1794,256,229,1
1795,256,392,1
1796,256,70,1
1797,256,84,1
1798,256,92,1
1799,256,426,1
1800,256,335,1
1801,256,180,1
1802,256,477,1
1803,256,243,1
1804,256,27,1
1805,256,356,1
1806,256,524,1
1807,256,167,1
1808,256,142,1
1809,256,195,1
1810,256,97,1
1811,256,538,1
1812,256,516,1
1813,256,376,1
1814,256,396,1
1815,265,135,1
1816,265,225,1
1817,265,372,1
1818,265,133,1
1819,265,10,1
1820,265,363,1
1821,265,414,1
1822,265,508,1
1823,265,318,1
1824,265,295,1
1825,265,303,1
1826,265,162,1
1827,265,356,1
1828,265,389,1
1829,265,538,1
1830,265,43,1
1831,265,284,1
1832,265,361,1
1833,265,174,1
1834,265,341,1
1835,265,511,1
1836,265,240,1
1837,265,131,1
1838,265,492,1
1839,265,395,1
1840,265,525,1
1841,265,352,1
1842,265,193,1
1843,265,27,1
1844,265,82,1
1845,265,466,1
1846,265,73,1
1847,265,261,1
1848,265,338,1
1849,265,490,1
1850,265,409,1
1851,265,472,1
1852,265,299,1
1853,265,247,1
1854,265,434,1
1855,265,479,1
1856,265,533,1
1857,265,189,1
1858,265,410,1
1859,265,539,1
1860,265,246,1
1861,265,375,1
1862,265,24,1
1863,265,515,1
1864,265,297,1
1865,265,22,1
1866,265,243,1
1867,265,500,1
1868,265,250,1
1869,265,167,1
1870,265,488,1
1871,265,237,1
1872,265,304,1
1873,265,229,1
1874,265,327,1
1875,265,484,1
1876,265,47,1
1877,265,444,1
1878,265,439,1
1879,265,387,1
1880,265,293,1
1881,265,555,1
1882,265,154,1
1883,265,102,1
1884,265,388,1
1885,265,535,1
1886,265,180,1
1887,265,554,1
1888,265,251,1
1889,265,50,1
1890,265,201,1
1891,265,252,1
1892,265,91,1
1893,265,269,1
1894,265,398,1
1895,265,526,1
1896,265,483,1
1897,265,223,1
1898,265,39,1
1899,265,397,1
1900,265,84,1
1901,265,79,1
1902,265,474,1
1903,265,477,1
1904,265,262,1
1905,265,404,1
1906,265,97,1
1907,265,146,1
1908,265,12,1
1909,265,221,1
1910,265,41,1
1911,265,196,1
1912,286,246,1
1913,286,545,1
1914,337,330,1
1915,337,26,1
1916,337,259,1
1917,337,404,1
1918,337,215,1
1919,337,472,1
1920,337,332,1
1921,337,541,1
1922,337,275,1
1923,337,184,1
1924,337,555,1
1925,337,302,1
1926,337,82,1
1927,337,420,1
1928,337,241,1
1929,337,412,1
1930,337,288,1
1931,337,363,1
1932,337,393,1
1933,337,255,1
1934,337,20,1
1935,337,298,1
1936,337,223,1
1937,337,287,1
1938,337,466,1
1939,337,347,1
1940,337,57,1
1941,337,61,1
1942,337,167,1
1943,337,503,1
1944,337,39,1
1945,337,67,1
1946,337,286,1
1947,337,265,1
1948,337,12,1
1949,337,45,1
1950,337,522,1
1951,337,267,1
1952,337,23,1
1953,337,221,1
1954,337,178,1
1955,337,398,1
1956,337,322,1
1957,337,425,1
1958,337,357,1
1959,337,21,1
1960,337,528,1
1961,337,261,1
1962,337,280,1
1963,337,364,1
1964,337,41,1
1965,337,66,1
1966,337,183,1
1967,337,500,1
1968,337,455,1
1969,337,186,1
1970,337,477,1
1971,337,328,1
1972,337,517,1
1973,337,238,1
1974,337,384,1
1975,337,234,1
1976,337,482,1
1977,337,501,1
1978,337,427,1
1979,337,187,1
1980,337,534,1
1981,337,504,1
1982,337,283,1
1983,337,441,1
1984,337,395,1
1985,337,13,1
1986,337,162,1
1987,337,33,1
1988,337,292,1
1989,337,210,1
1990,337,499,1
1991,337,146,1
1992,337,53,1
1993,337,273,1
1994,337,293,1
1995,337,266,1
1996,337,343,1
1997,337,145,1
1998,337,199,1
1999,337,134,1
2000,337,65,1
2001,337,77,1
2002,337,285,1
2003,337,324,1
2004,337,96,1
2005,337,239,1
2006,337,247,1
2007,337,383,1
2008,337,193,1
2009,337,486,1
2010,337,157,1
2011,337,47,1
2012,337,284,1
2013,337,361,1
2014,337,532,1
2015,337,257,1
2016,337,93,1
2017,337,216,1
2018,337,120,1
2019,337,373,1
2020,337,334,1
2021,337,209,1
2022,337,415,1
2023,337,159,1
2024,337,250,1
2025,337,426,1
2026,337,525,1
2027,337,464,1
2028,337,181,1
2029,337,36,1
2030,337,465,1
2031,337,122,1
2032,337,312,1
2033,337,74,1
2034,337,469,1
2035,337,227,1
2036,337,338,1
2037,337,81,1
2038,337,449,1
2039,337,208,1
2040,337,342,1
2041,337,305,1
2042,337,536,1
2043,337,410,1
2044,337,229,1
2045,337,524,1
2046,337,102,1
2047,337,474,1
2048,337,68,1
2049,337,543,1
2050,337,262,1
2051,337,99,1
2052,337,143,1
2053,337,30,1
2054,337,327,1
2055,337,424,1
2056,337,387,1
2057,337,246,1
2058,337,147,1
2059,337,529,1
2060,337,406,1
2061,337,333,1
2062,337,319,1
2063,337,463,1
2064,337,176,1
2065,337,372,1
2066,337,341,1
2067,337,335,1
2068,337,242,1
2069,337,29,1
2070,337,86,1
2071,337,19,1
2072,337,531,1
2073,337,556,1
2074,337,518,1
2075,337,435,1
2076,337,438,1
2077,337,457,1
2078,337,495,1
2079,337,109,1
2080,337,294,1
2081,337,414,1
2082,337,539,1
2083,337,459,1
2084,337,365,1
2085,337,2,1
2086,337,212,1
2087,337,550,1
2088,337,27,1
2089,337,509,1
2090,337,535,1
2091,337,136,1
2092,337,307,1
2093,337,59,1
2094,337,112,1
2095,337,348,1
2096,337,94,1
2097,337,10,1
2098,337,507,1
2099,337,468,1
2100,337,399,1
2101,337,351,1
2102,337,121,1
2103,337,207,1
2104,337,382,1
2105,337,358,1
2106,337,236,1
2107,337,165,1
2108,337,224,1
2109,337,44,1
2110,337,179,1
2111,337,75,1
2112,337,49,1
2113,337,496,1
2114,337,119,1
2115,337,260,1
2116,337,548,1
2117,337,150,1
2118,337,177,1
2119,337,174,1
2120,337,274,1
2121,337,281,1
2122,337,428,1
2123,337,142,1
2124,337,402,1
2125,337,336,1
2126,337,83,1
2127,337,256,1
2128,337,311,1
2129,337,60,1
2130,337,487,1
2131,337,22,1
2132,337,392,1
2133,337,117,1
2134,337,182,1
2135,337,554,1
2136,337,376,1
2137,337,304,1
2138,337,200,1
2139,337,15,1
2140,337,546,1
2141,337,368,1
2142,337,253,1
2143,337,137,1
2144,337,488,1
2145,337,385,1
2146,337,497,1
2147,337,55,1
2148,337,135,1
2149,337,243,1
2150,337,101,1
2151,337,483,1
2152,337,512,1
2153,337,526,1
2154,337,416,1
2155,337,301,1
2156,337,279,1
2157,337,456,1
2158,337,537,1
2159,337,291,1
2160,337,508,1
2161,337,1,1
2162,337,87,1
2163,337,38,1
2164,337,123,1
2165,337,230,1
2166,337,409,1
2167,337,516,1
2168,337,511,1
2169,337,225,1
2170,337,340,1
2171,337,196,1
2172,337,323,1
2173,337,429,1
2174,337,115,1
2175,337,299,1
2176,337,32,1
2177,337,218,1
2178,337,519,1
2179,337,297,1
2180,337,388,1
2181,337,140,1
2182,337,7,1
2183,337,169,1
2184,337,95,1
2185,337,354,1
2186,337,505,1
2187,337,360,1
2188,351,83,1
2189,351,485,1
2190,351,276,1
2191,351,156,1
2192,351,500,1
2193,351,469,1
2194,351,224,1
2195,351,222,1
2196,351,105,1
2197,351,273,1
2198,351,228,1
2199,351,245,1
2200,351,75,1
2201,351,525,1
2202,351,67,1
2203,351,197,1
2204,351,188,1
2205,351,178,1
2206,351,336,1
2207,351,256,1
2208,351,70,1
2209,351,459,1
2210,351,55,1
2211,351,248,1
2212,351,111,1
2213,351,134,1
2214,351,173,1
2215,351,264,1
2216,351,402,1
2217,351,92,1
2218,351,272,1
2219,351,77,1
2220,351,169,1
2221,351,108,1
2222,351,363,1
2223,351,443,1
2224,351,296,1
2225,351,554,1
2226,351,333,1
2227,351,358,1
2228,351,219,1
2229,351,430,1
2230,351,42,1
2231,351,508,1
2232,351,380,1
2233,351,193,1
2234,351,185,1
2235,351,97,1
2236,351,200,1
2237,351,295,1
2238,351,492,1
2239,351,448,1
2240,351,53,1
2241,351,389,1
2242,351,140,1
2243,351,254,1
2244,351,52,1
2245,351,304,1
2246,351,461,1
2247,351,494,1
2248,351,559,1
2249,351,192,1
2250,351,489,1
2251,351,366,1
2252,351,396,1
2253,351,349,1
2254,351,133,1
2255,351,283,1
2256,351,449,1
2257,351,553,1
2258,351,253,1
2259,351,535,1
2260,351,262,1
2261,351,131,1
2262,351,208,1
2263,351,558,1
2264,351,102,1
2265,351,483,1
2266,351,19,1
2267,351,235,1
2268,351,174,1
2269,351,167,1
2270,351,432,1
2271,351,268,1
2272,351,300,1
2273,351,73,1
2274,351,148,1
2275,351,261,1
2276,351,116,1
2277,351,78,1
2278,351,477,1
2279,351,480,1
2280,351,305,1
2281,351,496,1
2282,351,317,1
2283,351,441,1
2284,351,135,1
2285,351,511,1
2286,351,308,1
2287,351,5,1
2288,351,471,1
2289,351,94,1
2290,351,119,1
2291,351,524,1
2292,351,164,1
2293,351,136,1
2294,351,179,1
2295,351,431,1
2296,351,162,1
2297,351,298,1
2298,351,24,1
2299,351,343,1
2300,351,63,1
2301,351,472,1
2302,351,387,1
2303,351,463,1
2304,351,521,1
2305,351,290,1
2306,351,128,1
2307,351,512,1
2308,351,374,1
2309,351,36,1
2310,351,417,1
2311,351,45,1
2312,351,428,1
2313,351,86,1
2314,351,0,1
2315,351,247,1
2316,351,381,1
2317,351,466,1
2318,351,401,1
2319,351,400,1
2320,351,433,1
2321,351,398,1
2322,351,47,1
2323,351,223,1
2324,351,470,1
2325,351,146,1
2326,351,106,1
2327,351,291,1
2328,351,454,1
2329,351,227,1
2330,351,190,1
2331,351,147,1
2332,351,2,1
2333,351,424,1
2334,351,519,1
2335,351,16,1
2336,351,364,1
2337,351,484,1
2338,351,491,1
2339,351,101,1
2340,351,542,1
2341,351,513,1
2342,351,270,1
2343,351,457,1
2344,351,516,1
2345,351,540,1
2346,351,327,1
2347,351,435,1
2348,351,555,1
2349,351,504,1
2350,351,142,1
2351,351,361,1
2352,351,342,1
2353,351,397,1
2354,351,206,1
2355,351,88,1
2356,351,236,1
2357,351,360,1
2358,351,243,1
2359,351,161,1
2360,351,465,1
2361,351,90,1
2362,351,40,1
2363,351,51,1
2364,351,413,1
2365,351,367,1
2366,351,81,1
2367,351,326,1
2368,351,41,1
2369,351,355,1
2370,351,39,1
2371,351,455,1
2372,351,278,1
2373,351,54,1
2374,351,12,1
2375,351,158,1
2376,351,426,1
2377,351,259,1
2378,351,379,1
2379,351,31,1
2380,351,255,1
2381,351,57,1
2382,351,74,1
2383,351,345,1
2384,351,216,1
2385,351,233,1
2386,351,517,1
2387,351,341,1
2388,351,277,1
2389,351,370,1
2390,351,180,1
2391,351,427,1
2392,351,49,1
2393,351,404,1
2394,351,385,1
2395,351,149,1
2396,351,339,1
2397,351,170,1
2398,351,331,1
2399,351,186,1
2400,351,183,1
2401,351,6,1
2402,351,357,1
2403,351,474,1
2404,351,406,1
2405,351,293,1
2406,351,514,1
2407,351,15,1
2408,351,414,1
2409,351,13,1
2410,351,318,1
2411,351,229,1
2412,351,85,1
2413,351,395,1
2414,351,322,1
2415,351,297,1
2416,351,137,1
2417,351,502,1
2418,351,503,1
2419,351,410,1
2420,351,155,1
2421,351,194,1
2422,351,352,1
2423,351,211,1
2424,351,538,1
2425,351,539,1
2426,351,475,1
2427,351,423,1
2428,351,44,1
2429,351,335,1
2430,351,154,1
2431,351,113,1
2432,351,534,1
2433,351,33,1
2434,351,533,1
2435,351,65,1
2436,351,11,1
2437,351,439,1
2438,351,242,1
2439,351,209,1
2440,351,499,1
2441,351,324,1
2442,351,35,1
2443,351,376,1
2444,351,234,1
2445,351,452,1
2446,351,315,1
2447,351,100,1
2448,351,488,1
2449,351,537,1
2450,351,312,1
2451,351,409,1
2452,351,123,1
2453,367,525,1
2454,367,324,1
2455,367,194,1
2456,367,17,1
2457,367,229,1
2458,367,246,1
2459,367,73,1
2460,367,535,1
2461,367,398,1
2462,367,341,1
2463,367,486,1
2464,367,503,1
2465,367,76,1
2466,367,214,1
2467,367,183,1
2468,367,95,1
2469,367,353,1
2470,367,344,1
2471,367,255,1
2472,367,284,1
2473,367,173,1
2474,367,299,1
2475,367,146,1
2476,367,420,1
2477,367,201,1
2478,367,492,1
2479,367,423,1
2480,367,2,1
2481,367,426,1
2482,367,409,1
2483,367,8,1
2484,367,115,1
2485,367,490,1
2486,367,41,1
2487,367,441,1
2488,367,52,1
2489,367,537,1
2490,367,12,1
2491,367,549,1
2492,367,184,1
2493,367,362,1
2494,367,225,1
2495,367,283,1
2496,367,494,1
2497,367,215,1
2498,367,206,1
2499,367,376,1
2500,367,323,1
2501,367,163,1
2502,367,382,1
2503,367,219,1
2504,367,364,1
2505,367,137,1
2506,367,74,1
2507,367,375,1
2508,367,149,1
2509,367,483,1
2510,367,279,1
2511,367,464,1
2512,367,456,1
2513,367,361,1
2514,367,417,1
2515,367,372,1
2516,367,172,1
2517,367,15,1
2518,367,415,1
2519,367,273,1
2520,367,29,1
2521,367,336,1
2522,367,71,1
2523,367,126,1
2524,367,461,1
2525,367,453,1
2526,367,424,1
2527,367,300,1
2528,367,83,1
2529,367,533,1
2530,367,49,1
2531,367,186,1
2532,367,66,1
2533,367,150,1
2534,367,434,1
2535,367,339,1
2536,367,191,1
2537,367,538,1
2538,367,262,1
2539,367,556,1
2540,367,506,1
2541,367,109,1
2542,367,504,1
2543,367,26,1
2544,367,427,1
2545,367,176,1
2546,367,82,1
2547,367,174,1
2548,367,475,1
2549,367,196,1
2550,367,0,1
2551,367,97,1
2552,367,161,1
2553,367,207,1
2554,367,45,1
2555,367,495,1
2556,367,520,1
2557,367,227,1
2558,367,243,1
2559,367,531,1
2560,367,281,1
2561,367,123,1
2562,367,360,1
2563,367,332,1
2564,367,30,1
2565,367,514,1
2566,367,278,1
2567,367,239,1
2568,367,395,1
2569,367,177,1
2570,367,516,1
2571,367,435,1
2572,367,226,1
2573,367,152,1
2574,367,79,1
2575,367,68,1
2576,367,497,1
2577,367,479,1
2578,367,253,1
2579,367,513,1
2580,367,534,1
2581,367,542,1
2582,367,378,1
2583,367,51,1
2584,367,234,1
2585,367,87,1
2586,367,414,1
2587,367,169,1
2588,367,555,1
2589,367,500,1
2590,367,523,1
2591,367,290,1
2592,367,280,1
2593,367,236,1
2594,367,129,1
2595,367,444,1
2596,367,404,1
2597,367,136,1
2598,367,216,1
2599,367,182,1
2600,367,162,1
2601,367,293,1
2602,367,477,1
2603,367,241,1
2604,367,20,1
2605,367,288,1
2606,367,240,1
2607,367,198,1
2608,367,381,1
2609,367,228,1
2610,367,133,1
2611,367,509,1
2612,367,373,1
2613,367,59,1
2614,367,107,1
2615,367,343,1
2616,367,354,1
2617,367,218,1
2618,367,322,1
2619,367,135,1
2620,367,230,1
2621,367,345,1
2622,367,257,1
2623,367,242,1
2624,367,248,1
2625,367,84,1
2626,367,267,1
2627,367,326,1
2628,367,315,1
2629,367,86,1
2630,367,261,1
2631,367,399,1
2632,408,415,1
2633,408,204,1
2634,408,375,1
2635,408,543,1
2636,408,510,1
2637,408,312,1
2638,408,250,1
2639,408,336,1
2640,408,276,1
2641,408,77,1
2642,408,339,1
2643,408,35,1
2644,408,300,1
2645,408,315,1
2646,408,55,1
2647,408,201,1
2648,408,399,1
2649,408,482,1
2650,408,23,1
2651,408,243,1
2652,408,13,1
2653,408,428,1
2654,408,71,1
2655,408,374,1
2656,408,38,1
2657,408,385,1
2658,408,139,1
2659,408,324,1
2660,408,253,1
2661,408,265,1
2662,408,363,1
2663,408,411,1
2664,408,450,1
2665,408,157,1
2666,408,274,1
2667,408,50,1
2668,408,439,1
2669,408,257,1
2670,408,469,1
2671,408,305,1
2672,408,501,1
2673,408,299,1
2674,408,134,1
2675,408,261,1
2676,408,240,1
2677,408,541,1
2678,408,219,1
2679,408,174,1
2680,408,252,1
2681,408,154,1
2682,408,115,1
2683,408,532,1
2684,408,376,1
2685,408,342,1
2686,408,61,1
2687,408,558,1
2688,408,317,1
2689,408,283,1
2690,408,491,1
2691,408,549,1
2692,408,202,1
2693,408,388,1
2694,408,120,1
2695,408,65,1
2696,408,106,1
2697,408,435,1
2698,408,166,1
2699,408,246,1
2700,408,101,1
2701,408,233,1
2702,408,465,1
2703,408,452,1
2704,408,416,1
2705,408,12,1
2706,408,372,1
2707,408,521,1
2708,408,500,1
2709,408,150,1
2710,408,519,1
2711,408,214,1
2712,408,1,1
2713,408,340,1
2714,408,328,1
2715,408,362,1
2716,408,182,1
2717,408,159,1
2718,408,475,1
2719,408,226,1
2720,408,531,1
2721,408,15,1
2722,408,167,1
2723,408,138,1
2724,408,128,1
2725,408,11,1
2726,408,478,1
2727,408,525,1
2728,408,401,1
2729,408,513,1
2730,408,30,1
2731,408,479,1
2732,408,507,1
2733,408,418,1
2734,408,281,1
2735,408,279,1
2736,408,331,1
2737,408,215,1
2738,408,83,1
2739,408,414,1
2740,408,495,1
2741,408,386,1
2742,408,117,1
2743,408,526,1
2744,408,498,1
2745,408,441,1
2746,408,534,1
2747,408,81,1
2748,408,51,1
2749,408,427,1
2750,408,322,1
2751,408,455,1
2752,408,404,1
2753,408,132,1
2754,408,248,1
2755,408,123,1
2756,408,95,1
2757,408,286,1
2758,408,511,1
2759,408,251,1
2760,408,20,1
2761,408,302,1
2762,408,307,1
2763,408,102,1
2764,408,224,1
2765,408,160,1
2766,408,227,1
2767,408,122,1
2768,408,91,1
2769,408,186,1
2770,408,311,1
2771,408,490,1
2772,408,19,1
2773,408,124,1
2774,408,47,1
2775,408,162,1
2776,408,207,1
2777,408,535,1
2778,408,365,1
2779,408,94,1
2780,408,184,1
2781,408,216,1
2782,408,133,1
2783,408,158,1
2784,408,494,1
2785,408,502,1
2786,408,379,1
2787,408,487,1
2788,408,347,1
2789,408,129,1
2790,408,461,1
2791,408,146,1
2792,408,93,1
2793,408,284,1
2794,408,351,1
2795,408,45,1
2796,408,483,1
2797,408,67,1
2798,408,236,1
2799,408,76,1
2800,408,271,1
2801,408,189,1
2802,408,424,1
2803,408,161,1
2804,408,520,1
2805,408,517,1
2806,408,273,1
2807,408,66,1
2808,408,489,1
2809,408,354,1
2810,408,509,1
2811,408,2,1
2812,408,309,1
2813,408,151,1
2814,408,485,1
2815,408,267,1
2816,408,325,1
2817,408,53,1
2818,408,235,1
2819,408,169,1
2820,408,538,1
2821,408,387,1
2822,408,197,1
2823,408,206,1
2824,408,200,1
2825,408,400,1
2826,408,542,1
2827,408,181,1
2828,408,326,1
2829,408,82,1
2830,408,225,1
2831,408,539,1
2832,408,505,1
2833,408,105,1
2834,408,466,1
2835,408,183,1
2836,408,73,1
2837,408,280,1
2838,408,259,1
2839,408,239,1
2840,408,548,1
2841,408,533,1
2842,408,318,1
2843,408,255,1
2844,408,187,1
2845,408,503,1
2846,408,474,1
2847,408,21,1
2848,408,337,1
2849,408,10,1
2850,408,448,1
2851,408,425,1
2852,408,444,1
2853,408,8,1
2854,408,445,1
2855,408,223,1
2856,408,456,1
2857,408,119,1
2858,408,420,1
2859,408,369,1
2860,408,486,1
2861,408,504,1
2862,408,380,1
2863,408,496,1
2864,408,308,1
2865,408,438,1
2866,408,406,1
2867,408,79,1
2868,408,397,1
2869,408,523,1
2870,408,405,1
2871,408,294,1
2872,408,361,1
2873,408,213,1
2874,408,528,1
2875,408,260,1
2876,408,57,1
2877,408,449,1
2878,408,199,1
2879,408,178,1
2880,408,90,1
2881,408,353,1
2882,408,87,1
2883,408,537,1
2884,408,360,1
2885,408,522,1
2886,408,459,1
2887,408,85,1
2888,408,26,1
2889,408,356,1
2890,408,458,1
2891,408,432,1
2892,408,24,1
2893,408,546,1
2894,408,142,1
2895,408,241,1
2896,408,278,1
2897,408,192,1
2898,408,221,1
2899,408,367,1
2900,408,84,1
2901,508,115,1
2902,508,526,1
2903,508,455,1
2904,508,537,1
2905,508,367,1
2906,508,119,1
2907,508,364,1
2908,508,293,1
2909,508,290,1
2910,508,488,1
2911,508,384,1
2912,508,525,1
2913,508,363,1
2914,508,10,1
2915,508,497,1
2916,508,339,1
2917,508,246,1
2918,508,504,1
2919,508,556,1
2920,508,169,1
2921,508,146,1
2922,508,376,1
2923,508,182,1
2924,508,441,1
2925,508,224,1
2926,508,323,1
2927,508,354,1
2928,508,24,1
2929,508,210,1
2930,508,102,1
2931,508,253,1
2932,508,180,1
2933,508,278,1
2934,508,177,1
2935,508,123,1
2936,508,214,1
2937,508,328,1
2938,508,147,1
2939,14,458,0
2940,14,366,0
2941,14,66,0
2942,14,152,0
2943,14,546,0
2944,14,461,0
2945,14,31,0
2946,14,132,0
2947,14,403,0
2948,14,450,0
2949,14,236,0
2950,14,555,0
2951,14,58,0
2952,14,249,0
2953,14,103,0
2954,14,474,0
2955,14,232,0
2956,14,172,0
2957,14,129,0
2958,14,244,0
2959,14,56,0
2960,14,53,0
2961,14,314,0
2962,14,62,0
2963,14,279,0
2964,14,155,0
2965,14,212,0
2966,14,296,0
2967,14,106,0
2968,14,407,0
2969,14,405,0
2970,14,207,0
2971,14,287,0
2972,14,113,0
2973,14,197,0
2974,14,316,0
2975,14,54,0
2976,14,428,0
2977,14,548,0
2978,14,449,0
2979,14,112,0
2980,14,139,0
2981,14,459,0
2982,14,325,0
2983,14,148,0
2984,14,19,0
2985,14,100,0
2986,14,22,0
2987,14,150,0
2988,14,168,0
2989,14,285,0
2990,14,547,0
2991,14,497,0
2992,14,122,0
2993,14,362,0
2994,14,431,0
2995,14,134,0
2996,14,303,0
2997,14,237,0
2998,14,267,0
2999,14,94,0
3000,14,313,0
3001,14,121,0
3002,14,98,0
3003,14,188,0
3004,14,141,0
3005,14,28,0
3006,14,426,0
3007,14,81,0
3008,14,322,0
3009,14,125,0
3010,14,429,0
3011,14,529,0
3012,14,101,0
3013,14,263,0
3014,14,74,0
3015,14,310,0
3016,14,276,0
3017,14,427,0
3018,14,259,0
3019,14,352,0
3020,14,72,0
3021,14,446,0
3022,14,156,0
3023,14,90,0
3024,14,176,0
3025,14,298,0
3026,14,11,0
3027,14,545,0
3028,14,494,0
3029,14,252,0
3030,14,43,0
3031,14,198,0
3032,14,422,0
3033,14,48,0
3034,14,38,0
3035,14,153,0
3036,14,254,0
3037,14,306,0
3038,14,321,0
3039,14,518,0
3040,14,419,0
3041,14,350,0
3042,14,430,0
3043,14,190,0
3044,14,36,0
3045,14,124,0
3046,14,18,0
3047,14,104,0
3048,14,359,0
3049,14,33,0
3050,14,460,0
3051,14,307,0
3052,14,292,0
3053,14,294,0
3054,14,184,0
3055,14,231,0
3056,14,557,0
3057,14,204,0
3058,14,355,0
3059,14,196,0
3060,14,171,0
3061,14,235,0
3062,14,215,0
3063,14,437,0
3064,14,50,0
3065,14,539,0
3066,14,394,0
3067,14,228,0
3068,14,421,0
3069,14,447,0
3070,14,534,0
3071,14,277,0
3072,14,386,0
3073,14,297,0
3074,14,559,0
3075,14,311,0
3076,14,37,0
3077,14,382,0
3078,14,187,0
3079,14,319,0
3080,14,289,0
3081,14,378,0
3082,14,552,0
3083,14,87,0
3084,14,96,0
3085,71,474,0
3086,71,290,0
3087,71,252,0
3088,71,451,0
3089,71,473,0
3090,71,546,0
3091,71,350,0
3092,71,100,0
3093,71,53,0
3094,71,260,0
3095,71,329,0
3096,71,383,0
3097,71,10,0
3098,71,389,0
3099,71,388,0
3100,71,287,0
3101,71,192,0
3102,71,420,0
3103,71,166,0
3104,71,371,0
3105,71,452,0
3106,71,448,0
3107,71,175,0
3108,71,499,0
3109,71,358,0
3110,71,381,0
3111,71,144,0
3112,71,475,0
3113,71,220,0
3114,71,15,0
3115,71,292,0
3116,71,268,0
3117,71,88,0
3118,71,457,0
3119,71,211,0
3120,71,434,0
3121,71,64,0
3122,71,108,0
3123,71,147,0
3124,71,240,0
3125,71,267,0
3126,71,463,0
3127,71,355,0
3128,71,368,0
3129,71,35,0
3130,71,418,0
3131,71,313,0
3132,71,224,0
3133,71,519,0
3134,71,170,0
3135,71,322,0
3136,71,269,0
3137,71,95,0
3138,71,270,0
3139,71,54,0
3140,71,346,0
3141,71,367,0
3142,71,92,0
3143,71,541,0
3144,71,48,0
3145,71,25,0
3146,71,351,0
3147,71,454,0
3148,71,151,0
3149,71,340,0
3150,71,431,0
3151,71,293,0
3152,71,234,0
3153,71,111,0
3154,71,165,0
3155,71,310,0
3156,71,374,0
3157,71,359,0
3158,71,422,0
3159,71,517,0
3160,71,301,0
3161,71,178,0
3162,71,153,0
3163,71,182,0
3164,71,493,0
3165,71,44,0
3166,71,272,0
3167,71,89,0
3168,71,235,0
3169,71,50,0
3170,71,21,0
3171,71,384,0
3172,71,28,0
3173,71,306,0
3174,71,60,0
3175,71,26,0
3176,71,204,0
3177,71,212,0
3178,71,540,0
3179,71,67,0
3180,71,522,0
3181,71,208,0
3182,71,377,0
3183,71,320,0
3184,71,557,0
3185,71,277,0
3186,71,177,0
3187,71,125,0
3188,71,258,0
3189,71,75,0
3190,71,324,0
3191,71,205,0
3192,71,180,0
3193,71,152,0
3194,71,337,0
3195,71,42,0
3196,71,484,0
3197,71,214,0
3198,71,190,0
3199,71,498,0
3200,71,97,0
3201,71,482,0
3202,71,507,0
3203,71,155,0
3204,71,370,0
3205,71,207,0
3206,71,101,0
3207,71,502,0
3208,71,171,0
3209,71,156,0
3210,71,467,0
3211,71,121,0
3212,71,199,0
3213,71,103,0
3214,71,245,0
3215,71,17,0
3216,71,210,0
3217,71,176,0
3218,71,264,0
3219,71,223,0
3220,71,217,0
3221,71,296,0
3222,71,172,0
3223,71,518,0
3224,71,552,0
3225,71,514,0
3226,71,109,0
3227,71,503,0
3228,71,553,0
3229,71,110,0
3230,71,328,0
3231,71,72,0
3232,71,453,0
3233,71,394,0
3234,71,432,0
3235,71,227,0
3236,71,348,0
3237,71,469,0
3238,71,168,0
3239,71,14,0
3240,71,237,0
3241,71,444,0
3242,71,335,0
3243,71,539,0
3244,71,542,0
3245,71,120,0
3246,71,86,0
3247,71,487,0
3248,71,22,0
3249,71,46,0
3250,71,164,0
3251,71,490,0
3252,71,428,0
3253,71,189,0
3254,71,56,0
3255,71,407,0
3256,71,427,0
3257,71,128,0
3258,71,90,0
3259,71,314,0
3260,71,148,0
3261,71,209,0
3262,71,142,0
3263,71,157,0
3264,71,6,0
3265,71,98,0
3266,71,556,0
3267,71,437,0
3268,71,458,0
3269,71,82,0
3270,71,70,0
3271,71,536,0
3272,71,538,0
3273,71,479,0
3274,71,185,0
3275,71,423,0
3276,71,51,0
3277,71,530,0
3278,71,9,0
3279,71,380,0
3280,71,282,0
3281,71,481,0
3282,71,3,0
3283,71,78,0
3284,71,317,0
3285,71,16,0
3286,71,387,0
3287,71,23,0
3288,71,34,0
3289,71,430,0
3290,71,297,0
3291,71,36,0
3292,71,550,0
3293,71,421,0
3294,71,429,0
3295,71,461,0
3296,71,247,0
3297,71,333,0
3298,71,146,0
3299,71,439,0
3300,71,304,0
3301,71,143,0
3302,71,459,0
3303,71,513,0
3304,71,468,0
3305,71,285,0
3306,71,112,0
3307,71,334,0
3308,71,364,0
3309,71,222,0
3310,71,124,0
3311,71,0,0
3312,71,511,0
3313,71,464,0
3314,71,80,0
3315,71,305,0
3316,71,159,0
3317,71,57,0
3318,71,413,0
3319,71,515,0
3320,71,393,0
3321,74,332,0
3322,74,532,0
3323,74,95,0
3324,74,145,0
3325,74,150,0
3326,74,442,0
3327,74,325,0
3328,74,220,0
3329,74,551,0
3330,74,370,0
3331,74,516,0
3332,74,99,0
3333,74,7,0
3334,74,78,0
3335,74,75,0
3336,74,500,0
3337,74,86,0
3338,74,39,0
3339,74,499,0
3340,74,547,0
3341,74,23,0
3342,74,22,0
3343,74,508,0
3344,74,84,0
3345,74,244,0
3346,74,209,0
3347,74,509,0
3348,74,505,0
3349,74,527,0
3350,74,90,0
3351,74,81,0
3352,74,390,0
3353,74,62,0
3354,74,274,0
3355,74,480,0
3356,74,161,0
3357,74,461,0
3358,74,63,0
3359,74,280,0
3360,74,155,0
3361,74,324,0
3362,74,515,0
3363,74,177,0
3364,74,13,0
3365,74,21,0
3366,74,230,0
3367,74,306,0
3368,74,248,0
3369,74,238,0
3370,74,368,0
3371,74,254,0
3372,74,382,0
3373,74,355,0
3374,74,261,0
3375,74,341,0
3376,74,395,0
3377,74,93,0
3378,74,237,0
3379,74,258,0
3380,74,52,0
3381,74,198,0
3382,74,243,0
3383,74,79,0
3384,74,240,0
3385,74,151,0
3386,74,273,0
3387,74,203,0
3388,74,458,0
3389,74,125,0
3390,74,540,0
3391,74,246,0
3392,74,168,0
3393,74,278,0
3394,74,537,0
3395,74,481,0
3396,74,316,0
3397,74,520,0
3398,74,318,0
3399,74,30,0
3400,74,303,0
3401,74,118,0
3402,74,201,0
3403,74,72,0
3404,74,496,0
3405,74,507,0
3406,74,113,0
3407,74,279,0
3408,74,425,0
3409,74,427,0
3410,74,92,0
3411,74,20,0
3412,74,132,0
3413,74,312,0
3414,74,453,0
3415,74,175,0
3416,74,434,0
3417,74,234,0
3418,74,181,0
3419,74,130,0
3420,74,394,0
3421,74,172,0
3422,74,424,0
3423,74,260,0
3424,74,110,0
3425,74,511,0
3426,74,292,0
3427,74,159,0
3428,74,287,0
3429,74,351,0
3430,74,523,0
3431,74,169,0
3432,74,173,0
3433,74,89,0
3434,74,126,0
3435,74,149,0
3436,74,463,0
3437,74,91,0
3438,74,115,0
3439,74,186,0
3440,74,8,0
3441,74,123,0
3442,74,106,0
3443,74,294,0
3444,74,206,0
3445,74,253,0
3446,74,176,0
3447,74,197,0
3448,74,184,0
3449,74,478,0
3450,74,468,0
3451,74,323,0
3452,74,141,0
3453,74,38,0
3454,74,144,0
3455,74,413,0
3456,74,506,0
3457,74,83,0
3458,74,162,0
3459,74,239,0
3460,74,311,0
3461,74,102,0
3462,74,345,0
3463,74,347,0
3464,74,459,0
3465,74,344,0
3466,74,320,0
3467,74,406,0
3468,74,543,0
3469,74,133,0
3470,74,202,0
3471,74,283,0
3472,74,36,0
3473,74,483,0
3474,74,82,0
3475,74,350,0
3476,74,384,0
3477,74,47,0
3478,74,1,0
3479,74,218,0
3480,74,139,0
3481,74,365,0
3482,74,109,0
3483,74,552,0
3484,74,555,0
3485,74,104,0
3486,74,460,0
3487,74,440,0
3488,74,450,0
3489,74,404,0
3490,74,443,0
3491,74,433,0
3492,74,28,0
3493,74,235,0
3494,74,53,0
3495,74,263,0
3496,74,402,0
3497,74,353,0
3498,74,310,0
3499,74,27,0
3500,74,381,0
3501,74,340,0
3502,74,100,0
3503,74,267,0
3504,74,18,0
3505,74,48,0
3506,74,379,0
3507,74,219,0
3508,74,556,0
3509,74,357,0
3510,74,495,0
3511,74,416,0
3512,74,174,0
3513,74,466,0
3514,74,35,0
3515,74,529,0
3516,74,482,0
3517,74,17,0
3518,74,314,0
3519,74,374,0
3520,74,380,0
3521,74,281,0
3522,74,160,0
3523,74,444,0
3524,74,435,0
3525,74,251,0
3526,74,16,0
3527,74,405,0
3528,74,45,0
3529,74,257,0
3530,74,389,0
3531,74,199,0
3532,74,544,0
3533,74,446,0
3534,74,319,0
3535,74,196,0
3536,74,107,0
3537,74,358,0
3538,74,98,0
3539,74,217,0
3540,74,447,0
3541,74,426,0
3542,74,37,0
3543,74,194,0
3544,74,557,0
3545,74,138,0
3546,74,407,0
3547,74,299,0
3548,74,64,0
3549,74,497,0
3550,74,503,0
3551,74,24,0
3552,74,535,0
3553,74,470,0
3554,74,305,0
3555,74,153,0
3556,74,307,0
3557,74,386,0
3558,74,282,0
3559,74,232,0
3560,74,411,0
3561,74,346,0
3562,97,530,0
3563,97,124,0
3564,97,310,0
3565,97,294,0
3566,97,551,0
3567,97,306,0
3568,97,313,0
3569,97,535,0
3570,97,66,0
3571,97,17,0
3572,97,43,0
3573,97,4,0
3574,97,356,0
3575,97,258,0
3576,97,388,0
3577,97,399,0
3578,97,100,0
3579,97,63,0
3580,97,254,0
3581,97,224,0
3582,97,314,0
3583,97,112,0
3584,97,481,0
3585,97,168,0
3586,97,134,0
3587,97,352,0
3588,97,544,0
3589,97,547,0
3590,97,232,0
3591,97,403,0
3592,97,132,0
3593,97,104,0
3594,97,334,0
3595,97,316,0
3596,97,181,0
3597,97,449,0
3598,97,103,0
3599,97,359,0
3600,97,273,0
3601,97,442,0
3602,97,337,0
3603,97,446,0
3604,97,56,0
3605,97,125,0
3606,97,413,0
3607,97,80,0
3608,97,548,0
3609,97,110,0
3610,97,62,0
3611,97,37,0
3612,97,155,0
3613,97,141,0
3614,97,263,0
3615,97,48,0
3616,97,527,0
3617,97,106,0
3618,97,90,0
3619,97,264,0
3620,97,220,0
3621,97,559,0
3622,97,18,0
3623,97,458,0
3624,97,471,0
3625,97,386,0
3626,97,170,0
3627,97,332,0
3628,97,58,0
3629,145,5,0
3630,145,338,0
3631,145,244,0
3632,145,232,0
3633,145,306,0
3634,145,28,0
3635,145,4,0
3636,145,62,0
3637,145,359,0
3638,145,454,0
3639,145,48,0
3640,145,394,0
3641,145,155,0
3642,145,104,0
3643,145,310,0
3644,145,141,0
3645,145,545,0
3646,145,113,0
3647,145,118,0
3648,145,56,0
3649,145,258,0
3650,145,547,0
3651,145,467,0
3652,145,124,0
3653,145,551,0
3654,145,527,0
3655,145,60,0
3656,145,72,0
3657,145,296,0
3658,145,282,0
3659,145,316,0
3660,145,58,0
3661,145,125,0
3662,145,481,0
3663,145,552,0
3664,145,110,0
3665,145,293,0
3666,145,98,0
3667,145,559,0
3668,145,37,0
3669,160,5,0
3670,160,171,0
3671,160,150,0
3672,160,323,0
3673,160,399,0
3674,160,112,0
3675,160,129,0
3676,160,36,0
3677,160,162,0
3678,160,105,0
3679,160,364,0
3680,160,54,0
3681,160,277,0
3682,160,142,0
3683,160,497,0
3684,160,536,0
3685,160,404,0
3686,160,94,0
3687,160,212,0
3688,160,556,0
3689,160,449,0
3690,160,82,0
3691,160,205,0
3692,160,341,0
3693,160,208,0
3694,160,109,0
3695,160,384,0
3696,160,174,0
3697,160,26,0
3698,160,92,0
3699,160,415,0
3700,160,138,0
3701,160,214,0
3702,160,143,0
3703,160,104,0
3704,160,73,0
3705,160,503,0
3706,160,6,0
3707,160,309,0
3708,160,25,0
3709,160,513,0
3710,160,121,0
3711,160,396,0
3712,160,547,0
3713,160,377,0
3714,160,436,0
3715,160,126,0
3716,160,291,0
3717,160,87,0
3718,160,108,0
3719,160,423,0
3720,160,59,0
3721,160,168,0
3722,160,369,0
3723,160,518,0
3724,160,77,0
3725,160,148,0
3726,160,10,0
3727,160,312,0
3728,160,489,0
3729,160,124,0
3730,160,56,0
3731,160,359,0
3732,160,442,0
3733,160,200,0
3734,160,491,0
3735,160,461,0
3736,160,430,0
3737,160,206,0
3738,160,514,0
3739,160,283,0
3740,160,320,0
3741,160,418,0
3742,160,185,0
3743,160,527,0
3744,160,60,0
3745,160,38,0
3746,160,176,0
3747,160,477,0
3748,160,426,0
3749,160,342,0
3750,160,300,0
3751,160,265,0
3752,160,501,0
3753,160,494,0
3754,160,297,0
3755,160,496,0
3756,160,137,0
3757,160,407,0
3758,160,397,0
3759,160,390,0
3760,160,411,0
3761,160,350,0
3762,160,485,0
3763,160,12,0
3764,160,85,0
3765,160,58,0
3766,160,307,0
3767,160,226,0
3768,160,98,0
3769,160,391,0
3770,160,520,0
3771,160,475,0
3772,160,193,0
3773,160,244,0
3774,160,313,0
3775,160,308,0
3776,160,201,0
3777,160,505,0
3778,160,331,0
3779,160,373,0
3780,160,333,0
3781,160,431,0
3782,160,517,0
3783,160,74,0
3784,160,3,0
3785,160,172,0
3786,160,144,0
3787,160,292,0
3788,160,345,0
3789,160,196,0
3790,160,498,0
3791,160,348,0
3792,160,69,0
3793,160,506,0
3794,160,273,0
3795,160,215,0
3796,160,157,0
3797,160,343,0
3798,160,464,0
3799,160,539,0
3800,160,7,0
3801,160,512,0
3802,160,470,0
3803,160,365,0
3804,160,428,0
3805,160,388,0
3806,160,305,0
3807,160,8,0
3808,160,253,0
3809,160,294,0
3810,160,355,0
3811,160,188,0
3812,160,311,0
3813,160,380,0
3814,160,93,0
3815,160,0,0
3816,160,542,0
3817,160,213,0
3818,160,409,0
3819,160,306,0
3820,160,330,0
3821,160,264,0
3822,160,338,0
3823,160,57,0
3824,160,453,0
3825,160,290,0
3826,160,287,0
3827,160,357,0
3828,160,480,0
3829,160,111,0
3830,160,271,0
3831,160,222,0
3832,160,474,0
3833,160,454,0
3834,160,100,0
3835,160,400,0
3836,160,465,0
3837,160,457,0
3838,160,281,0
3839,160,406,0
3840,160,375,0
3841,160,159,0
3842,160,189,0
3843,160,443,0
3844,160,240,0
3845,160,270,0
3846,160,532,0
3847,160,398,0
3848,160,158,0
3849,160,9,0
3850,160,237,0
3851,160,220,0
3852,160,64,0
3853,160,456,0
3854,160,332,0
3855,160,321,0
3856,160,19,0
3857,160,540,0
3858,160,219,0
3859,160,417,0
3860,160,298,0
3861,160,242,0
3862,160,120,0
3863,160,552,0
3864,160,372,0
3865,160,462,0
3866,160,314,0
3867,160,223,0
3868,160,139,0
3869,160,459,0
3870,160,535,0
3871,160,29,0
3872,160,479,0
3873,160,209,0
3874,160,424,0
3875,160,557,0
3876,160,39,0
3877,160,319,0
3878,160,471,0
3879,160,44,0
3880,160,329,0
3881,160,175,0
3882,160,325,0
3883,160,421,0
3884,160,405,0
3885,160,383,0
3886,160,34,0
3887,160,326,0
3888,160,289,0
3889,160,482,0
3890,160,230,0
3891,160,315,0
3892,160,545,0
3893,160,67,0
3894,160,204,0
3895,160,272,0
3896,160,420,0
3897,160,328,0
3898,160,170,0
3899,160,490,0
3900,160,131,0
3901,160,301,0
3902,160,458,0
3903,160,27,0
3904,160,302,0
3905,160,218,0
3906,160,476,0
3907,160,389,0
3908,160,153,0
3909,160,227,0
3910,160,519,0
3911,160,286,0
3912,160,55,0
3913,160,46,0
3914,160,463,0
3915,160,401,0
3916,160,534,0
3917,160,16,0
3918,160,419,0
3919,160,322,0
3920,160,374,0
3921,160,119,0
3922,160,268,0
3923,160,211,0
3924,160,447,0
3925,160,167,0
3926,160,233,0
3927,160,440,0
3928,160,425,0
3929,160,284,0
3930,160,241,0
3931,160,379,0
3932,160,486,0
3933,160,285,0
3934,160,445,0
3935,160,132,0
3936,160,116,0
3937,160,249,0
3938,160,349,0
3939,160,238,0
3940,160,416,0
3941,160,559,0
3942,160,164,0
3943,160,269,0
3944,160,33,0
3945,160,177,0
3946,160,250,0
3947,160,155,0
3948,160,382,0
3949,252,493,0
3950,252,84,0
3951,252,112,0
3952,252,143,0
3953,252,465,0
3954,252,438,0
3955,252,389,0
3956,252,510,0
3957,252,70,0
3958,252,227,0
3959,252,400,0
3960,252,300,0
3961,252,499,0
3962,252,426,0
3963,252,33,0
3964,252,269,0
3965,252,427,0
3966,252,31,0
3967,252,469,0
3968,252,480,0
3969,252,519,0
3970,252,157,0
3971,252,22,0
3972,252,213,0
3973,252,204,0
3974,252,467,0
3975,252,140,0
3976,252,383,0
3977,252,83,0
3978,252,321,0
3979,252,72,0
3980,252,223,0
3981,252,257,0
3982,252,475,0
3983,252,512,0
3984,252,214,0
3985,252,302,0
3986,252,500,0
3987,252,554,0
3988,252,520,0
3989,252,431,0
3990,252,219,0
3991,252,181,0
3992,252,30,0
3993,252,418,0
3994,252,88,0
3995,252,92,0
3996,252,333,0
3997,252,153,0
3998,252,9,0
3999,252,148,0
4000,252,221,0
4001,252,113,0
4002,252,474,0
4003,252,508,0
4004,252,311,0
4005,252,120,0
4006,252,293,0
4007,252,100,0
4008,252,8,0
4009,252,263,0
4010,252,168,0
4011,252,247,0
4012,252,411,0
4013,252,349,0
4014,252,407,0
4015,252,317,0
4016,252,108,0
4017,252,291,0
4018,252,155,0
4019,252,279,0
4020,252,343,0
4021,252,232,0
4022,252,397,0
4023,252,105,0
4024,252,127,0
4025,252,174,0
4026,252,80,0
4027,252,509,0
4028,252,54,0
4029,252,224,0
4030,252,250,0
4031,252,66,0
4032,252,136,0
4033,252,395,0
4034,252,62,0
4035,252,149,0
4036,252,99,0
4037,252,550,0
4038,252,336,0
4039,252,19,0
4040,252,208,0
4041,252,551,0
4042,252,185,0
4043,252,316,0
4044,252,193,0
4045,252,98,0
4046,252,126,0
4047,252,12,0
4048,252,414,0
4049,252,29,0
4050,252,165,0
4051,252,403,0
4052,252,2,0
4053,252,506,0
4054,252,457,0
4055,252,421,0
4056,252,486,0
4057,252,402,0
4058,252,228,0
4059,252,424,0
4060,252,251,0
4061,252,199,0
4062,252,502,0
4063,252,141,0
4064,252,226,0
4065,252,51,0
4066,252,10,0
4067,252,258,0
4068,252,327,0
4069,252,150,0
4070,252,82,0
4071,252,433,0
4072,252,412,0
4073,252,162,0
4074,252,436,0
4075,252,514,0
4076,252,69,0
4077,252,273,0
4078,252,297,0
4079,252,399,0
4080,252,370,0
4081,252,274,0
4082,252,182,0
4083,252,73,0
4084,252,496,0
4085,252,53,0
4086,252,280,0
4087,252,385,0
4088,252,278,0
4089,252,517,0
4090,252,373,0
4091,252,116,0
4092,252,50,0
4093,252,481,0
4094,252,355,0
4095,252,463,0
4096,252,77,0
4097,252,428,0
4098,252,503,0
4099,252,372,0
4100,252,167,0
4101,252,390,0
4102,252,543,0
4103,252,384,0
4104,252,340,0
4105,252,39,0
4106,252,225,0
4107,252,448,0
4108,252,285,0
4109,252,367,0
4110,252,378,0
4111,252,261,0
4112,252,334,0
4113,252,353,0
4114,252,498,0
4115,252,246,0
4116,252,296,0
4117,252,190,0
4118,252,310,0
4119,252,338,0
4120,252,533,0
4121,252,4,0
4122,252,95,0
4123,252,507,0
4124,252,369,0
4125,252,547,0
4126,252,177,0
4127,252,268,0
4128,252,534,0
4129,252,430,0
4130,252,7,0
4131,252,555,0
4132,252,380,0
4133,252,501,0
4134,252,394,0
4135,252,492,0
4136,252,335,0
4137,252,326,0
4138,252,118,0
4139,252,42,0
4140,252,443,0
4141,252,1,0
4142,252,442,0
4143,252,473,0
4144,252,262,0
4145,252,518,0
4146,252,49,0
4147,252,109,0
4148,252,485,0
4149,252,491,0
4150,252,516,0
4151,252,179,0
4152,252,96,0
4153,252,559,0
4154,252,292,0
4155,252,194,0
4156,252,530,0
4157,252,393,0
4158,252,537,0
4159,252,32,0
4160,252,306,0
4161,252,423,0
4162,252,344,0
4163,252,145,0
4164,252,490,0
4165,252,449,0
4166,252,21,0
4167,252,144,0
4168,252,361,0
4169,252,354,0
4170,252,111,0
4171,252,444,0
4172,252,48,0
4173,252,229,0
4174,252,56,0
4175,252,479,0
4176,252,557,0
4177,252,454,0
4178,252,43,0
4179,252,301,0
4180,252,151,0
4181,252,460,0
4182,252,161,0
4183,252,487,0
4184,252,6,0
4185,252,282,0
4186,252,489,0
4187,252,365,0
4188,252,57,0
4189,252,377,0
4190,252,217,0
4191,252,131,0
4192,252,461,0
4193,252,129,0
4194,252,452,0
4195,252,552,0
4196,252,330,0
4197,252,410,0
4198,252,527,0
4199,252,305,0
4200,252,381,0
4201,252,312,0
4202,252,222,0
4203,252,308,0
4204,252,146,0
4205,252,283,0
4206,252,249,0
4207,252,320,0
4208,252,18,0
4209,252,231,0
4210,252,471,0
4211,252,175,0
4212,252,25,0
4213,252,358,0
4214,252,35,0
4215,252,89,0
4216,252,67,0
4217,252,294,0
4218,252,94,0
4219,253,264,0
4220,253,118,0
4221,253,410,0
4222,253,89,0
4223,253,296,0
4224,253,455,0
4225,253,21,0
4226,253,205,0
4227,253,56,0
4228,253,421,0
4229,253,6,0
4230,253,211,0
4231,253,188,0
4232,253,437,0
4233,253,148,0
4234,253,359,0
4235,253,170,0
4236,253,358,0
4237,253,104,0
4238,253,263,0
4239,253,386,0
4240,253,62,0
4241,253,152,0
4242,253,156,0
4243,253,114,0
4244,253,407,0
4245,253,320,0
4246,253,551,0
4247,253,554,0
4248,253,69,0
4249,253,547,0
4250,253,460,0
4251,253,419,0
4252,253,230,0
4253,253,276,0
4254,253,473,0
4255,253,403,0
4256,253,481,0
4257,253,46,0
4258,253,286,0
4259,253,112,0
4260,253,287,0
4261,253,335,0
4262,253,98,0
4263,253,232,0
4264,253,17,0
4265,253,499,0
4266,253,111,0
4267,253,529,0
4268,253,103,0
4269,253,431,0
4270,253,168,0
4271,253,510,0
4272,253,90,0
4273,253,313,0
4274,253,306,0
4275,253,352,0
4276,253,416,0
4277,253,269,0
4278,253,165,0
4279,253,14,0
4280,253,34,0
4281,253,346,0
4282,253,294,0
4283,253,179,0
4284,253,159,0
4285,253,125,0
4286,253,116,0
4287,253,350,0
4288,253,48,0
4289,253,317,0
4290,253,228,0
4291,253,258,0
4292,253,88,0
4293,253,113,0
4294,253,80,0
4295,253,559,0
4296,253,132,0
4297,253,325,0
4298,253,38,0
4299,253,368,0
4300,253,20,0
4301,253,212,0
4302,253,433,0
4303,253,312,0
4304,253,319,0
4305,253,355,0
4306,253,458,0
4307,253,480,0
4308,253,5,0
4309,253,272,0
4310,253,316,0
4311,253,37,0
4312,253,517,0
4313,253,310,0
4314,253,144,0
4315,253,64,0
4316,253,231,0
4317,253,527,0
4318,253,464,0
4319,253,163,0
4320,253,244,0
4321,253,439,0
4322,253,292,0
4323,253,467,0
4324,253,57,0
4325,253,1,0
4326,256,240,0
4327,256,113,0
4328,256,515,0
4329,256,447,0
4330,256,265,0
4331,256,35,0
4332,256,276,0
4333,256,348,0
4334,256,107,0
4335,256,314,0
4336,256,43,0
4337,256,532,0
4338,256,378,0
4339,256,109,0
4340,256,185,0
4341,256,402,0
4342,256,436,0
4343,256,33,0
4344,256,303,0
4345,256,42,0
4346,256,390,0
4347,256,231,0
4348,256,181,0
4349,256,454,0
4350,256,36,0
4351,256,443,0
4352,256,527,0
4353,256,458,0
4354,256,29,0
4355,256,129,0
4356,256,481,0
4357,256,224,0
4358,256,544,0
4359,256,17,0
4360,256,114,0
4361,256,244,0
4362,256,202,0
4363,256,141,0
4364,256,44,0
4365,256,545,0
4366,256,28,0
4367,256,60,0
4368,256,205,0
4369,256,282,0
4370,256,311,0
4371,256,306,0
4372,256,476,0
4373,256,506,0
4374,256,14,0
4375,256,298,0
4376,256,522,0
4377,256,361,0
4378,256,170,0
4379,256,337,0
4380,256,540,0
4381,256,379,0
4382,256,358,0
4383,256,321,0
4384,256,233,0
4385,256,487,0
4386,256,58,0
4387,256,263,0
4388,256,310,0
4389,256,543,0
4390,256,5,0
4391,256,482,0
4392,256,471,0
4393,256,156,0
4394,256,116,0
4395,256,542,0
4396,256,193,0
4397,256,207,0
4398,256,164,0
4399,256,439,0
4400,256,513,0
4401,256,498,0
4402,256,460,0
4403,256,31,0
4404,256,209,0
4405,256,196,0
4406,256,271,0
4407,256,249,0
4408,256,37,0
4409,256,120,0
4410,256,430,0
4411,256,90,0
4412,256,157,0
4413,256,252,0
4414,256,418,0
4415,256,89,0
4416,256,295,0
4417,256,296,0
4418,256,197,0
4419,256,171,0
4420,256,333,0
4421,256,329,0
4422,256,112,0
4423,256,403,0
4424,256,217,0
4425,256,428,0
4426,256,63,0
4427,256,316,0
4428,256,548,0
4429,256,383,0
4430,256,536,0
4431,256,445,0
4432,256,530,0
4433,256,453,0
4434,256,405,0
4435,256,500,0
4436,256,359,0
4437,256,245,0
4438,256,126,0
4439,256,118,0
4440,256,349,0
4441,256,83,0
4442,256,485,0
4443,256,432,0
4444,256,80,0
4445,256,423,0
4446,256,125,0
4447,256,72,0
4448,256,220,0
4449,256,87,0
4450,256,352,0
4451,256,289,0
4452,256,467,0
4453,256,127,0
4454,256,104,0
4455,256,269,0
4456,256,386,0
4457,256,55,0
4458,256,138,0
4459,256,427,0
4460,256,188,0
4461,256,381,0
4462,256,490,0
4463,256,215,0
4464,256,54,0
4465,256,389,0
4466,256,69,0
4467,256,312,0
4468,256,394,0
4469,256,258,0
4470,256,355,0
4471,256,98,0
4472,256,292,0
4473,256,158,0
4474,256,273,0
4475,256,67,0
4476,256,3,0
4477,256,370,0
4478,256,137,0
4479,256,172,0
4480,256,501,0
4481,256,489,0
4482,256,547,0
4483,256,48,0
4484,265,362,0
4485,265,88,0
4486,265,417,0
4487,265,124,0
4488,265,482,0
4489,265,487,0
4490,265,421,0
4491,265,391,0
4492,265,556,0
4493,265,307,0
4494,265,418,0
4495,265,166,0
4496,265,114,0
4497,265,238,0
4498,265,188,0
4499,265,113,0
4500,265,220,0
4501,265,332,0
4502,265,336,0
4503,265,390,0
4504,265,334,0
4505,265,287,0
4506,265,373,0
4507,265,411,0
4508,265,224,0
4509,265,42,0
4510,265,101,0
4511,265,173,0
4512,265,128,0
4513,265,553,0
4514,265,109,0
4515,265,194,0
4516,265,480,0
4517,265,320,0
4518,265,430,0
4519,265,268,0
4520,265,175,0
4521,265,165,0
4522,265,118,0
4523,265,100,0
4524,265,374,0
4525,265,273,0
4526,265,233,0
4527,265,471,0
4528,265,218,0
4529,265,504,0
4530,265,85,0
4531,265,517,0
4532,265,90,0
4533,265,150,0
4534,265,316,0
4535,265,168,0
4536,265,7,0
4537,265,206,0
4538,265,40,0
4539,265,283,0
4540,265,543,0
4541,265,94,0
4542,265,550,0
4543,265,357,0
4544,265,445,0
4545,265,330,0
4546,265,266,0
4547,265,355,0
4548,265,93,0
4549,265,44,0
4550,265,198,0
4551,265,77,0
4552,265,110,0
4553,265,468,0
4554,265,33,0
4555,265,386,0
4556,265,26,0
4557,265,419,0
4558,265,371,0
4559,265,280,0
4560,265,217,0
4561,265,75,0
4562,265,436,0
4563,265,202,0
4564,265,147,0
4565,265,272,0
4566,265,208,0
4567,265,285,0
4568,265,65,0
4569,265,159,0
4570,265,205,0
4571,265,30,0
4572,265,400,0
4573,265,89,0
4574,265,424,0
4575,265,130,0
4576,265,148,0
4577,265,473,0
4578,265,379,0
4579,265,328,0
4580,265,413,0
4581,265,289,0
4582,265,245,0
4583,265,393,0
4584,265,204,0
4585,265,278,0
4586,265,249,0
4587,265,512,0
4588,265,462,0
4589,265,345,0
4590,265,385,0
4591,265,331,0
4592,265,523,0
4593,265,191,0
4594,265,457,0
4595,265,455,0
4596,265,171,0
4597,265,23,0
4598,265,351,0
4599,265,486,0
4600,265,216,0
4601,265,141,0
4602,265,138,0
4603,265,215,0
4604,265,15,0
4605,265,212,0
4606,265,521,0
4607,265,5,0
4608,265,8,0
4609,265,226,0
4610,265,28,0
4611,265,199,0
4612,265,181,0
4613,265,57,0
4614,265,92,0
4615,265,6,0
4616,265,559,0
4617,265,435,0
4618,265,426,0
4619,265,58,0
4620,265,337,0
4621,265,406,0
4622,265,301,0
4623,265,45,0
4624,265,67,0
4625,265,74,0
4626,265,248,0
4627,265,78,0
4628,265,407,0
4629,265,232,0
4630,265,282,0
4631,265,324,0
4632,265,255,0
4633,265,37,0
4634,265,1,0
4635,265,70,0
4636,265,529,0
4637,265,449,0
4638,265,16,0
4639,265,103,0
4640,265,306,0
4641,265,518,0
4642,265,558,0
4643,265,317,0
4644,265,158,0
4645,265,117,0
4646,265,126,0
4647,265,298,0
4648,265,228,0
4649,265,416,0
4650,265,35,0
4651,265,14,0
4652,265,38,0
4653,265,46,0
4654,265,125,0
4655,265,513,0
4656,265,81,0
4657,265,230,0
4658,265,405,0
4659,265,244,0
4660,265,314,0
4661,265,427,0
4662,265,503,0
4663,265,311,0
4664,265,270,0
4665,265,325,0
4666,265,64,0
4667,265,367,0
4668,265,313,0
4669,265,292,0
4670,265,537,0
4671,265,21,0
4672,265,514,0
4673,265,115,0
4674,265,61,0
4675,265,170,0
4676,265,288,0
4677,265,425,0
4678,265,382,0
4679,265,431,0
4680,265,121,0
4681,265,207,0
4682,265,309,0
4683,265,59,0
4684,265,120,0
4685,265,450,0
4686,265,11,0
4687,265,456,0
4688,265,369,0
4689,265,290,0
4690,265,403,0
4691,265,366,0
4692,265,155,0
4693,265,402,0
4694,265,499,0
4695,265,461,0
4696,265,87,0
4697,265,310,0
4698,265,528,0
4699,265,399,0
4700,265,339,0
4701,265,236,0
4702,265,349,0
4703,265,530,0
4704,265,178,0
4705,265,545,0
4706,265,423,0
4707,265,214,0
4708,265,86,0
4709,265,256,0
4710,265,294,0
4711,265,322,0
4712,265,234,0
4713,265,31,0
4714,265,211,0
4715,265,312,0
4716,265,176,0
4717,265,96,0
4718,265,132,0
4719,265,478,0
4720,265,346,0
4721,265,544,0
4722,265,451,0
4723,265,157,0
4724,265,18,0
4725,265,509,0
4726,265,464,0
4727,265,179,0
4728,265,384,0
4729,265,437,0
4730,265,213,0
4731,265,184,0
4732,265,235,0
4733,265,275,0
4734,265,319,0
4735,265,358,0
4736,265,519,0
4737,265,106,0
4738,265,48,0
4739,265,62,0
4740,265,112,0
4741,265,420,0
4742,265,540,0
4743,265,441,0
4744,265,29,0
4745,265,267,0
4746,265,72,0
4747,265,49,0
4748,265,71,0
4749,265,354,0
4750,265,200,0
4751,265,129,0
4752,265,350,0
4753,265,98,0
4754,265,56,0
4755,265,160,0
4756,265,20,0
4757,265,259,0
4758,265,52,0
4759,265,536,0
4760,265,494,0
4761,286,110,0
4762,286,507,0
4763,286,201,0
4764,286,207,0
4765,286,188,0
4766,286,558,0
4767,286,90,0
4768,286,254,0
4769,286,144,0
4770,286,441,0
4771,286,490,0
4772,286,46,0
4773,286,391,0
4774,286,250,0
4775,286,133,0
4776,286,396,0
4777,286,262,0
4778,286,372,0
4779,286,426,0
4780,286,516,0
4781,286,522,0
4782,286,502,0
4783,286,324,0
4784,286,376,0
4785,286,89,0
4786,286,530,0
4787,286,128,0
4788,286,11,0
4789,286,554,0
4790,286,288,0
4791,286,414,0
4792,286,13,0
4793,286,168,0
4794,286,124,0
4795,286,199,0
4796,286,113,0
4797,286,340,0
4798,286,108,0
4799,286,282,0
4800,286,512,0
4801,286,177,0
4802,286,514,0
4803,286,315,0
4804,286,209,0
4805,286,170,0
4806,286,143,0
4807,286,379,0
4808,286,28,0
4809,286,158,0
4810,286,49,0
4811,286,333,0
4812,286,216,0
4813,286,126,0
4814,286,77,0
4815,286,122,0
4816,286,184,0
4817,286,172,0
4818,286,228,0
4819,286,159,0
4820,286,238,0
4821,286,500,0
4822,286,36,0
4823,286,553,0
4824,286,79,0
4825,286,533,0
4826,286,303,0
4827,286,102,0
4828,286,234,0
4829,286,259,0
4830,286,515,0
4831,286,43,0
4832,286,150,0
4833,286,249,0
4834,286,215,0
4835,286,383,0
4836,286,497,0
4837,286,432,0
4838,286,408,0
4839,286,435,0
4840,286,111,0
4841,286,409,0
4842,286,149,0
4843,286,479,0
4844,286,189,0
4845,286,92,0
4846,286,233,0
4847,286,119,0
4848,286,555,0
4849,286,135,0
4850,286,109,0
4851,286,289,0
4852,286,390,0
4853,286,31,0
4854,286,525,0
4855,286,343,0
4856,286,40,0
4857,286,18,0
4858,286,141,0
4859,286,540,0
4860,286,488,0
4861,286,236,0
4862,286,9,0
4863,286,180,0
4864,286,153,0
4865,286,462,0
4866,286,97,0
4867,286,357,0
4868,286,202,0
4869,286,392,0
4870,286,230,0
4871,286,419,0
4872,286,7,0
4873,286,181,0
4874,286,163,0
4875,286,80,0
4876,286,223,0
4877,286,32,0
4878,286,195,0
4879,286,171,0
4880,286,197,0
4881,286,362,0
4882,286,463,0
4883,286,263,0
4884,286,421,0
4885,286,0,0
4886,286,495,0
4887,286,252,0
4888,286,529,0
4889,286,354,0
4890,286,528,0
4891,286,218,0
4892,286,256,0
4893,286,301,0
4894,286,147,0
4895,286,337,0
4896,286,384,0
4897,286,296,0
4898,286,211,0
4899,286,210,0
4900,286,270,0
4901,286,305,0
4902,286,203,0
4903,286,330,0
4904,286,232,0
4905,286,245,0
4906,286,67,0
4907,286,132,0
4908,286,205,0
4909,286,378,0
4910,286,266,0
4911,286,74,0
4912,286,473,0
4913,286,313,0
4914,286,96,0
4915,286,267,0
4916,286,157,0
4917,286,33,0
4918,286,535,0
4919,286,65,0
4920,286,353,0
4921,286,312,0
4922,286,338,0
4923,286,174,0
4924,286,437,0
4925,286,486,0
4926,286,539,0
4927,286,272,0
4928,286,358,0
4929,286,334,0
4930,286,496,0
4931,286,446,0
4932,286,155,0
4933,286,326,0
4934,286,284,0
4935,286,73,0
4936,286,485,0
4937,286,87,0
4938,286,509,0
4939,286,134,0
4940,286,427,0
4941,286,521,0
4942,286,268,0
4943,286,276,0
4944,286,474,0
4945,286,281,0
4946,286,235,0
4947,286,308,0
4948,286,22,0
4949,286,371,0
4950,286,469,0
4951,286,416,0
4952,286,292,0
4953,286,37,0
4954,286,51,0
4955,286,380,0
4956,286,425,0
4957,286,56,0
4958,286,142,0
4959,286,429,0
4960,286,39,0
4961,286,520,0
4962,286,536,0
4963,286,413,0
4964,286,273,0
4965,286,331,0
4966,286,468,0
4967,286,548,0
4968,286,206,0
4969,286,280,0
4970,286,130,0
4971,286,57,0
4972,286,269,0
4973,286,513,0
4974,286,459,0
4975,286,493,0
4976,286,393,0
4977,286,506,0
4978,286,72,0
4979,286,185,0
4980,286,302,0
4981,286,196,0
4982,286,192,0
4983,286,466,0
4984,286,68,0
4985,286,84,0
4986,286,191,0
4987,286,434,0
4988,286,367,0
4989,286,332,0
4990,286,98,0
4991,286,531,0
4992,286,244,0
4993,286,277,0
4994,286,16,0
4995,286,455,0
4996,286,151,0
4997,286,59,0
4998,286,278,0
4999,286,415,0
5000,286,164,0
5001,286,349,0
5002,286,115,0
5003,286,534,0
5004,286,406,0
5005,286,508,0
5006,286,364,0
5007,286,100,0
5008,286,487,0
5009,286,503,0
5010,286,387,0
5011,286,395,0
5012,286,226,0
5013,286,386,0
5014,286,467,0
5015,286,221,0
5016,286,55,0
5017,286,322,0
5018,286,381,0
5019,286,127,0
5020,286,297,0
5021,286,229,0
5022,286,524,0
5023,286,253,0
5024,286,146,0
5025,286,95,0
5026,286,447,0
5027,286,183,0
5028,286,61,0
5029,286,217,0
5030,286,173,0
5031,286,532,0
5032,286,478,0
5033,286,148,0
5034,286,239,0
5035,286,424,0
5036,286,4,0
5037,286,361,0
5038,286,137,0
5039,286,352,0
5040,286,420,0
5041,286,498,0
5042,286,439,0
5043,286,76,0
5044,286,404,0
5045,286,35,0
5046,286,541,0
5047,286,359,0
5048,286,329,0
5049,286,190,0
5050,286,208,0
5051,286,275,0
5052,286,401,0
5053,286,231,0
5054,286,556,0
5055,286,538,0
5056,286,438,0
5057,286,1,0
5058,286,60,0
5059,286,103,0
5060,286,350,0
5061,286,341,0
5062,286,19,0
5063,286,405,0
5064,286,347,0
5065,286,224,0
5066,286,559,0
5067,286,327,0
5068,286,93,0
5069,286,85,0
5070,286,549,0
5071,286,112,0
5072,286,481,0
5073,286,412,0
5074,286,366,0
5075,286,428,0
5076,286,489,0
5077,286,411,0
5078,286,47,0
5079,286,385,0
5080,286,448,0
5081,286,336,0
5082,286,482,0
5083,286,475,0
5084,286,118,0
5085,286,20,0
5086,286,504,0
5087,286,138,0
5088,286,167,0
5089,286,547,0
5090,286,53,0
5091,286,407,0
5092,286,5,0
5093,286,557,0
5094,286,54,0
5095,286,526,0
5096,286,369,0
5097,286,121,0
5098,286,454,0
5099,286,162,0
5100,286,165,0
5101,286,492,0
5102,286,219,0
5103,286,307,0
5104,286,194,0
5105,286,318,0
5106,286,449,0
5107,286,310,0
5108,286,38,0
5109,286,346,0
5110,286,45,0
5111,286,88,0
5112,286,264,0
5113,286,136,0
5114,286,365,0
5115,286,433,0
5116,286,511,0
5117,286,328,0
5118,286,200,0
5119,286,176,0
5120,286,64,0
5121,286,294,0
5122,286,14,0
5123,286,464,0
5124,286,271,0
5125,286,345,0
5126,286,321,0
5127,286,542,0
5128,286,445,0
5129,286,389,0
5130,286,25,0
5131,286,279,0
5132,286,397,0
5133,337,418,0
5134,337,156,0
5135,337,58,0
5136,337,403,0
5137,337,270,0
5138,337,130,0
5139,337,540,0
5140,337,462,0
5141,337,510,0
5142,337,552,0
5143,337,345,0
5144,337,125,0
5145,337,211,0
5146,337,48,0
5147,337,4,0
5148,337,103,0
5149,337,139,0
5150,337,471,0
5151,337,6,0
5152,337,320,0
5153,337,445,0
5154,337,461,0
5155,337,158,0
5156,337,272,0
5157,337,352,0
5158,337,203,0
5159,337,450,0
5160,337,100,0
5161,337,126,0
5162,337,264,0
5163,337,56,0
5164,337,258,0
5165,337,309,0
5166,337,64,0
5167,337,141,0
5168,337,346,0
5169,337,166,0
5170,337,431,0
5171,337,467,0
5172,337,310,0
5173,337,106,0
5174,337,88,0
5175,337,377,0
5176,337,222,0
5177,337,366,0
5178,337,3,0
5179,337,317,0
5180,337,170,0
5181,337,316,0
5182,337,381,0
5183,337,547,0
5184,337,232,0
5185,337,269,0
5186,337,43,0
5187,337,37,0
5188,337,480,0
5189,337,190,0
5190,337,164,0
5191,337,407,0
5192,337,349,0
5193,337,446,0
5194,337,359,0
5195,337,419,0
5196,337,451,0
5197,337,231,0
5198,337,433,0
5199,337,111,0
5200,337,228,0
5201,337,110,0
5202,337,306,0
5203,337,114,0
5204,337,484,0
5205,337,175,0
5206,337,350,0
5207,337,132,0
5208,337,489,0
5209,337,70,0
5210,337,545,0
5211,337,325,0
5212,337,308,0
5213,337,473,0
5214,337,188,0
5215,337,155,0
5216,337,34,0
5217,337,220,0
5218,337,124,0
5219,337,282,0
5220,337,217,0
5221,337,289,0
5222,337,237,0
5223,337,498,0
5224,337,90,0
5225,337,447,0
5226,337,370,0
5227,337,16,0
5228,337,163,0
5229,337,523,0
5230,337,437,0
5231,337,31,0
5232,351,415,0
5233,351,152,0
5234,351,386,0
5235,351,160,0
5236,351,18,0
5237,351,109,0
5238,351,125,0
5239,351,25,0
5240,351,556,0
5241,351,121,0
5242,351,501,0
5243,351,143,0
5244,351,20,0
5245,351,325,0
5246,351,544,0
5247,351,377,0
5248,351,337,0
5249,351,421,0
5250,351,171,0
5251,351,115,0
5252,351,419,0
5253,351,202,0
5254,351,458,0
5255,351,307,0
5256,351,139,0
5257,351,68,0
5258,351,285,0
5259,351,391,0
5260,351,145,0
5261,351,130,0
5262,351,520,0
5263,351,231,0
5264,351,506,0
5265,351,330,0
5266,351,271,0
5267,351,117,0
5268,351,66,0
5269,351,279,0
5270,351,58,0
5271,351,545,0
5272,351,497,0
5273,351,422,0
5274,351,168,0
5275,351,552,0
5276,351,456,0
5277,351,159,0
5278,351,287,0
5279,351,528,0
5280,351,546,0
5281,351,334,0
5282,351,93,0
5283,351,529,0
5284,351,32,0
5285,351,241,0
5286,351,122,0
5287,351,321,0
5288,351,37,0
5289,351,316,0
5290,351,240,0
5291,351,132,0
5292,351,56,0
5293,351,218,0
5294,351,29,0
5295,351,177,0
5296,351,141,0
5297,351,319,0
5298,351,481,0
5299,351,464,0
5300,351,87,0
5301,351,118,0
5302,351,418,0
5303,351,523,0
5304,351,72,0
5305,351,375,0
5306,351,338,0
5307,351,313,0
5308,351,467,0
5309,351,378,0
5310,351,282,0
5311,351,359,0
5312,351,110,0
5313,351,403,0
5314,351,257,0
5315,351,150,0
5316,351,166,0
5317,351,64,0
5318,351,292,0
5319,351,263,0
5320,351,311,0
5321,351,212,0
5322,351,191,0
5323,351,9,0
5324,351,48,0
5325,351,547,0
5326,351,408,0
5327,351,478,0
5328,351,28,0
5329,351,310,0
5330,351,23,0
5331,351,244,0
5332,351,217,0
5333,351,232,0
5334,351,98,0
5335,351,436,0
5336,351,302,0
5337,351,446,0
5338,351,289,0
5339,351,365,0
5340,351,548,0
5341,367,422,0
5342,367,287,0
5343,367,480,0
5344,367,13,0
5345,367,18,0
5346,367,306,0
5347,367,188,0
5348,367,58,0
5349,367,499,0
5350,367,428,0
5351,367,264,0
5352,367,209,0
5353,367,110,0
5354,367,524,0
5355,367,338,0
5356,367,160,0
5357,367,335,0
5358,367,139,0
5359,367,302,0
5360,367,541,0
5361,367,291,0
5362,367,102,0
5363,367,4,0
5364,367,437,0
5365,367,179,0
5366,367,491,0
5367,367,272,0
5368,367,365,0
5369,367,64,0
5370,367,331,0
5371,367,319,0
5372,367,385,0
5373,367,551,0
5374,367,265,0
5375,367,530,0
5376,367,285,0
5377,367,448,0
5378,367,521,0
5379,367,159,0
5380,367,119,0
5381,367,356,0
5382,367,349,0
5383,367,418,0
5384,367,359,0
5385,367,329,0
5386,367,412,0
5387,367,557,0
5388,367,310,0
5389,367,55,0
5390,367,34,0
5391,367,260,0
5392,367,155,0
5393,367,337,0
5394,367,289,0
5395,367,498,0
5396,367,554,0
5397,367,545,0
5398,367,451,0
5399,367,199,0
5400,367,99,0
5401,367,342,0
5402,367,1,0
5403,367,233,0
5404,367,32,0
5405,367,439,0
5406,367,358,0
5407,367,539,0
5408,367,468,0
5409,367,312,0
5410,367,350,0
5411,367,505,0
5412,367,512,0
5413,367,165,0
5414,367,510,0
5415,367,89,0
5416,367,170,0
5417,367,282,0
5418,367,436,0
5419,367,24,0
5420,367,130,0
5421,367,38,0
5422,367,377,0
5423,367,508,0
5424,367,481,0
5425,367,292,0
5426,367,60,0
5427,367,447,0
5428,367,371,0
5429,367,247,0
5430,367,298,0
5431,367,48,0
5432,367,258,0
5433,367,128,0
5434,367,431,0
5435,367,81,0
5436,367,515,0
5437,367,156,0
5438,367,200,0
5439,367,276,0
5440,367,232,0
5441,367,143,0
5442,367,125,0
5443,367,108,0
5444,367,558,0
5445,367,547,0
5446,367,471,0
5447,367,42,0
5448,367,158,0
5449,367,301,0
5450,367,268,0
5451,367,104,0
5452,367,352,0
5453,367,355,0
5454,367,40,0
5455,367,410,0
5456,367,429,0
5457,367,430,0
5458,367,502,0
5459,367,31,0
5460,367,403,0
5461,367,6,0
5462,367,387,0
5463,367,469,0
5464,367,75,0
5465,367,208,0
5466,367,389,0
5467,367,113,0
5468,367,518,0
5469,367,443,0
5470,367,370,0
5471,367,544,0
5472,367,67,0
5473,367,390,0
5474,367,476,0
5475,367,23,0
5476,367,388,0
5477,367,103,0
5478,367,127,0
5479,367,35,0
5480,367,485,0
5481,367,493,0
5482,367,205,0
5483,367,193,0
5484,367,251,0
5485,367,164,0
5486,367,168,0
5487,367,105,0
5488,367,116,0
5489,367,11,0
5490,367,527,0
5491,367,72,0
5492,367,369,0
5493,367,222,0
5494,367,9,0
5495,367,467,0
5496,367,100,0
5497,367,454,0
5498,367,559,0
5499,367,36,0
5500,367,166,0
5501,367,482,0
5502,367,309,0
5503,367,334,0
5504,367,294,0
5505,367,460,0
5506,367,458,0
5507,367,266,0
5508,367,57,0
5509,367,517,0
5510,367,56,0
5511,367,333,0
5512,367,53,0
5513,367,496,0
5514,367,263,0
5515,367,171,0
5516,367,488,0
5517,367,449,0
5518,367,466,0
5519,367,450,0
5520,367,254,0
5521,367,259,0
5522,367,383,0
5523,367,63,0
5524,367,14,0
5525,367,3,0
5526,367,406,0
5527,367,5,0
5528,367,540,0
5529,367,550,0
5530,367,213,0
5531,367,368,0
5532,367,446,0
5533,367,33,0
5534,367,111,0
5535,408,36,0
5536,408,144,0
5537,408,447,0
5538,408,481,0
5539,408,544,0
5540,408,335,0
5541,408,431,0
5542,408,175,0
5543,408,287,0
5544,408,17,0
5545,408,28,0
5546,408,433,0
5547,408,155,0
5548,408,557,0
5549,408,98,0
5550,408,530,0
5551,408,40,0
5552,408,34,0
5553,408,237,0
5554,408,48,0
5555,408,69,0
5556,408,4,0
5557,408,264,0
5558,408,446,0
5559,408,285,0
5560,408,484,0
5561,408,370,0
5562,408,14,0
5563,408,212,0
5564,408,529,0
5565,408,89,0
5566,408,64,0
5567,408,6,0
5568,408,217,0
5569,408,349,0
5570,408,394,0
5571,408,116,0
5572,408,103,0
5573,408,471,0
5574,408,316,0
5575,408,258,0
5576,408,436,0
5577,408,266,0
5578,408,289,0
5579,408,338,0
5580,408,210,0
5581,408,113,0
5582,408,37,0
5583,408,366,0
5584,408,205,0
5585,408,254,0
5586,408,350,0
5587,408,545,0
5588,408,310,0
5589,408,355,0
5590,408,512,0
5591,408,56,0
5592,408,16,0
5593,408,62,0
5594,408,389,0
5595,408,421,0
5596,408,393,0
5597,408,306,0
5598,408,3,0
5599,408,551,0
5600,408,18,0
5601,408,413,0
5602,408,78,0
5603,408,60,0
5604,408,110,0
5605,408,108,0
5606,408,514,0
5607,408,170,0
5608,408,230,0
5609,408,148,0
5610,408,301,0
5611,408,269,0
5612,408,453,0
5613,408,111,0
5614,408,42,0
5615,408,422,0
5616,408,164,0
5617,408,547,0
5618,408,245,0
5619,408,559,0
5620,408,263,0
5621,408,80,0
5622,408,5,0
5623,408,168,0
5624,408,190,0
5625,408,403,0
5626,408,232,0
5627,408,270,0
5628,408,314,0
5629,408,437,0
5630,408,552,0
5631,408,313,0
5632,408,211,0
5633,408,476,0
5634,408,460,0
5635,408,228,0
5636,408,383,0
5637,408,156,0
5638,408,249,0
5639,408,319,0
5640,508,216,0
5641,508,258,0
5642,508,109,0
5643,508,338,0
5644,508,550,0
5645,508,50,0
5646,508,122,0
5647,508,201,0
5648,508,74,0
5649,508,509,0
5650,508,44,0
5651,508,75,0
5652,508,5,0
5653,508,534,0
5654,508,345,0
5655,508,353,0
5656,508,498,0
5657,508,432,0
5658,508,543,0
5659,508,30,0
5660,508,83,0
5661,508,291,0
5662,508,236,0
5663,508,355,0
5664,508,346,0
5665,508,502,0
5666,508,454,0
5667,508,136,0
5668,508,100,0
5669,508,58,0
5670,508,507,0
5671,508,385,0
5672,508,263,0
5673,508,116,0
5674,508,259,0
5675,508,314,0
5676,508,232,0
5677,508,89,0
5678,508,33,0
5679,508,476,0
5680,508,21,0
5681,508,318,0
5682,508,240,0
5683,508,451,0
5684,508,442,0
5685,508,142,0
5686,508,514,0
5687,508,270,0
5688,508,462,0
5689,508,31,0
5690,508,471,0
5691,508,344,0
5692,508,63,0
5693,508,9,0
5694,508,133,0
5695,508,511,0
5696,508,255,0
5697,508,381,0
5698,508,485,0
5699,508,428,0
5700,508,500,0
5701,508,233,0
5702,508,254,0
5703,508,3,0
5704,508,106,0
5705,508,351,0
5706,508,443,0
5707,508,93,0
5708,508,68,0
5709,508,335,0
5710,508,226,0
5711,508,542,0
5712,508,225,0
5713,508,107,0
5714,508,108,0
5715,508,546,0
5716,508,412,0
5717,508,220,0
5718,508,358,0
5719,508,313,0
5720,508,241,0
5721,508,368,0
5722,508,452,0
5723,508,48,0
5724,508,312,0
5725,508,238,0
5726,508,418,0
5727,508,268,0
5728,508,389,0
5729,508,8,0
5730,508,160,0
5731,508,559,0
5732,508,234,0
5733,508,296,0
5734,508,230,0
5735,508,411,0
5736,508,55,0
5737,508,540,0
5738,508,250,0
5739,508,434,0
5740,508,431,0
5741,508,264,0
5742,508,289,0
5743,508,303,0
5744,508,65,0
5745,508,480,0
5746,508,350,0
5747,508,436,0
5748,508,479,0
5749,508,523,0
5750,508,37,0
5751,508,199,0
5752,508,390,0
5753,508,294,0
5754,508,348,0
5755,508,417,0
5756,508,445,0
5757,508,161,0
5758,508,449,0
5759,508,56,0
5760,508,185,0
5761,508,499,0
5762,508,325,0
5763,508,461,0
5764,508,207,0
5765,508,468,0
5766,508,402,0
5767,508,492,0
5768,508,456,0
5769,508,374,0
5770,508,473,0
5771,508,251,0
5772,508,16,0
5773,508,440,0
5774,508,458,0
5775,508,505,0
5776,508,14,0
5777,508,324,0
5778,508,430,0
5779,508,439,0
5780,508,512,0
5781,508,215,0
5782,508,311,0
5783,508,406,0
5784,508,140,0
5785,508,144,0
5786,508,244,0
5787,508,308,0
5788,508,477,0
5789,508,70,0
5790,508,155,0
5791,508,309,0
5792,508,62,0
5793,508,176,0
5794,508,392,0
5795,508,474,0
5796,508,424,0
5797,508,128,0
5798,508,114,0
5799,508,80,0
5800,508,535,0
5801,508,148,0
5802,508,4,0
5803,508,229,0
5804,508,249,0
5805,508,28,0
5806,508,491,0
5807,508,486,0
5808,508,61,0
5809,508,464,0
5810,508,124,0
5811,508,515,0
5812,508,415,0
5813,508,487,0
5814,508,407,0
5815,508,532,0
5816,508,237,0
5817,508,437,0
5818,508,342,0
5819,508,6,0
5820,508,321,0
5821,508,371,0
5822,508,76,0
5823,508,316,0
5824,508,301,0
5825,508,113,0
5826,508,558,0
5827,508,130,0
5828,508,413,0
5829,508,156,0
5830,508,172,0
5831,508,273,0
5832,508,179,0
5833,508,181,0
5834,508,150,0
5835,508,239,0
5836,508,242,0
5837,508,414,0
5838,508,87,0
5839,508,360,0
5840,508,490,0
5841,508,341,0
5842,508,517,0
5843,508,53,0
5844,508,404,0
5845,508,326,0
5846,508,170,0
5847,508,221,0
5848,508,349,0
5849,508,22,0
5850,508,539,0
5851,508,27,0
5852,508,67,0
5853,508,538,0
5854,508,84,0
5855,508,503,0
5856,508,421,0
5857,508,527,0
5858,508,82,0
5859,508,101,0
5860,508,382,0
5861,508,42,0
5862,508,223,0
5863,508,299,0
5864,508,334,0
5865,508,482,0
5866,508,427,0
5867,508,372,0
5868,508,159,0
5869,508,94,0
5870,508,380,0
5871,508,32,0
5872,508,549,0
5873,508,139,0
5874,508,274,0
5875,508,209,0
5876,508,120,0
5877,508,501,0
5878,508,528,0
5879,508,18,0
5880,508,401,0
5881,508,548,0
5882,508,266,0
5883,508,137,0
5884,508,547,0
5885,508,0,0
5886,508,261,0
5887,508,459,0
5888,508,529,0
5889,508,359,0
5890,508,302,0
5891,508,88,0
5892,508,85,0
5893,508,167,0
5894,508,377,0
5895,508,117,0
5896,508,204,0
5897,508,129,0
5898,508,175,0
5899,508,387,0
5900,508,103,0
5901,508,11,0
5902,508,292,0
5903,508,69,0
5904,508,286,0
5905,508,544,0
5906,508,396,0
5907,508,78,0
5908,508,340,0
5909,508,13,0
5910,508,555,0
5911,508,332,0
5912,508,125,0
5913,508,369,0
5914,508,506,0
5915,508,300,0
5916,508,73,0
5917,508,41,0
5918,508,399,0
5919,508,71,0
5920,508,393,0
5921,508,191,0
5922,508,51,0
5923,508,453,0
5924,508,143,0
5925,508,134,0
5926,508,168,0
5927,508,81,0
5928,508,257,0
5929,508,466,0
5930,508,15,0
5931,508,105,0
5932,508,448,0
5933,508,277,0
5934,508,297,0
5935,508,66,0
5936,508,530,0
5937,508,248,0
5938,508,166,0
5939,508,467,0
5940,508,435,0
5941,508,557,0
5942,508,450,0
5943,508,1,0
5944,508,200,0
5945,508,446,0
5946,508,310,0
5947,508,132,0
5948,508,36,0
5949,508,496,0
5950,508,43,0
5951,508,212,0
5952,508,34,0
5953,508,315,0
5954,508,141,0
5955,508,378,0
5956,508,112,0
5957,508,178,0
5958,508,470,0
5959,508,152,0
5960,508,252,0
5961,508,271,0
5962,508,306,0
5963,508,206,0
5964,508,72,0
5965,508,187,0
5966,508,425,0
5967,508,283,0
5968,508,193,0
5969,508,26,0
5970,508,194,0
5971,508,158,0
5972,508,190,0
5973,508,57,0
5974,508,463,0
5975,508,465,0
